repository,file_path,line_number,target_name,cache_type,cache_options,enclosing_class,enclosing_function,file_url,code_snippet
dask/dask,dask/bag/avro.py,67,OpenFile,NOT_EXPLICIT,None,None,open_head,https://github.com/dask/dask/blob/main/dask/bag/avro.py#L67,"    """"""Open a file just to read its head and size""""""     with OpenFile(fs, path, compression=compression) as f:         head = read_header(f)"
dask/dask,dask/bag/avro.py,69,fs.info,NOT_EXPLICIT,None,None,open_head,https://github.com/dask/dask/blob/main/dask/bag/avro.py#L69,"        head = read_header(f)     size = fs.info(path)[""size""]     return head, size"
dask/dask,dask/bag/avro.py,104,get_fs_token_paths,NOT_EXPLICIT,None,None,read_avro,https://github.com/dask/dask/blob/main/dask/bag/avro.py#L104,"    if blocksize is not None:         fs, fs_token, paths = get_fs_token_paths(             urlpath, mode=""rb"", storage_options=storage_options         )         dhead = delayed(open_head)"
dask/dask,dask/bag/avro.py,123,OpenFile,NOT_EXPLICIT,None,None,read_avro,https://github.com/dask/dask/blob/main/dask/bag/avro.py#L123,"            delimiter = head[""sync""]             f = OpenFile(fs, path, compression=compression)             token = fs_tokenize("
dask/dask,dask/bag/avro.py,124,fs_tokenize,NOT_EXPLICIT,None,None,read_avro,https://github.com/dask/dask/blob/main/dask/bag/avro.py#L124,"            f = OpenFile(fs, path, compression=compression)             token = fs_tokenize(                 fs_token, delimiter, path, fs.ukey(path), compression, offset             )             keys = [f""read-avro-{o}-{token}"" for o in offset]"
dask/dask,dask/bag/avro.py,125,fs.ukey,NOT_EXPLICIT,None,None,read_avro,https://github.com/dask/dask/blob/main/dask/bag/avro.py#L125,"            token = fs_tokenize(                 fs_token, delimiter, path, fs.ukey(path), compression, offset             )"
dask/dask,dask/bag/avro.py,136,open_files,NOT_EXPLICIT,None,None,read_avro,https://github.com/dask/dask/blob/main/dask/bag/avro.py#L136,"    else:         files = open_files(urlpath, compression=compression, **storage_options)         dread = delayed(read_file)"
dask/dask,dask/bag/avro.py,152,read_block,NOT_EXPLICIT,None,None,read_chunk,https://github.com/dask/dask/blob/main/dask/bag/avro.py#L152,"    with fobj as f:         chunk = read_block(f, off, l, head[""sync""])     head_bytes = head[""head_bytes""]"
dask/dask,dask/bag/avro.py,256,open_files,NOT_EXPLICIT,None,None,to_avro,https://github.com/dask/dask/blob/main/dask/bag/avro.py#L256,"    storage_options = storage_options or {}     files = open_files(         filename,         ""wb"",         name_function=name_function,         num=b.npartitions,         **storage_options,     )     name = f""to-avro-{uuid.uuid4().hex}"""
dask/dask,dask/bag/core.py,259,open_files,NOT_EXPLICIT,None,None,to_textfiles,https://github.com/dask/dask/blob/main/dask/bag/core.py#L259,"    mode = ""wb"" if encoding is None else ""wt""     files = open_files(         path,         compression=compression,         mode=mode,         encoding=encoding,         name_function=name_function,         num=b.npartitions,         **(storage_options or {}),     ) "
dask/dask,dask/bag/text.py,100,open_files,NOT_EXPLICIT,None,None,read_text,https://github.com/dask/dask/blob/main/dask/bag/text.py#L100,"            newline = """"         files = open_files(             urlpath,             mode=""rt"",             encoding=encoding,             errors=errors,             compression=compression,             newline=newline,             **(storage_options or {}),         )         if files_per_partition is None:"
dask/dask,dask/bytes/core.py,83,get_fs_token_paths,NOT_EXPLICIT,None,None,read_bytes,https://github.com/dask/dask/blob/main/dask/bytes/core.py#L83,"     fs, fs_token, paths = get_fs_token_paths(urlpath, mode=""rb"", storage_options=kwargs) "
dask/dask,dask/bytes/core.py,103,infer_compression,NOT_EXPLICIT,None,None,read_bytes,https://github.com/dask/dask/blob/main/dask/bytes/core.py#L103,"            if compression == ""infer"":                 comp = infer_compression(path)             else:"
dask/dask,dask/bytes/core.py,111,fs.info,NOT_EXPLICIT,None,None,read_bytes,https://github.com/dask/dask/blob/main/dask/bytes/core.py#L111,"                )             size = fs.info(path)[""size""]             if size is None:"
dask/dask,dask/bytes/core.py,149,fs.ukey,NOT_EXPLICIT,None,None,read_bytes,https://github.com/dask/dask/blob/main/dask/bytes/core.py#L149,"    for path, offset, length in zip(paths, offsets, lengths):         token = tokenize(fs_token, delimiter, path, fs.ukey(path), compression, offset)         keys = [f""read-block-{o}-{token}"" for o in offset]"
dask/dask,dask/bytes/core.py,153,OpenFile,NOT_EXPLICIT,None,None,read_bytes,https://github.com/dask/dask/blob/main/dask/bytes/core.py#L153,"            delayed_read(                 OpenFile(fs, path, compression=compression),                 o,"
dask/dask,dask/bytes/core.py,168,OpenFile,NOT_EXPLICIT,None,None,read_bytes,https://github.com/dask/dask/blob/main/dask/bytes/core.py#L168,"            sample = parse_bytes(sample)         with OpenFile(fs, paths[0], compression=compression) as f:             # read block without seek (because we start at zero)"
dask/dask,dask/bytes/core.py,194,read_block,NOT_EXPLICIT,None,None,read_block_from_file,https://github.com/dask/dask/blob/main/dask/bytes/core.py#L194,"            return f.read()         return read_block(f, off, bs, delimiter)"
dask/dask,dask/bytes/tests/test_bytes_utils.py,21,read_block,NOT_EXPLICIT,None,None,test_read_block,https://github.com/dask/dask/blob/main/dask/bytes/tests/test_bytes_utils.py#L21,"     assert read_block(f, 1, 2) == b""23""     assert read_block(f, 0, 1, delimiter=b""\n"") == b""123\n"""
dask/dask,dask/bytes/tests/test_bytes_utils.py,22,read_block,NOT_EXPLICIT,None,None,test_read_block,https://github.com/dask/dask/blob/main/dask/bytes/tests/test_bytes_utils.py#L22,"    assert read_block(f, 1, 2) == b""23""     assert read_block(f, 0, 1, delimiter=b""\n"") == b""123\n""     assert read_block(f, 0, 2, delimiter=b""\n"") == b""123\n"""
dask/dask,dask/bytes/tests/test_bytes_utils.py,23,read_block,NOT_EXPLICIT,None,None,test_read_block,https://github.com/dask/dask/blob/main/dask/bytes/tests/test_bytes_utils.py#L23,"    assert read_block(f, 0, 1, delimiter=b""\n"") == b""123\n""     assert read_block(f, 0, 2, delimiter=b""\n"") == b""123\n""     assert read_block(f, 0, 3, delimiter=b""\n"") == b""123\n"""
dask/dask,dask/bytes/tests/test_bytes_utils.py,24,read_block,NOT_EXPLICIT,None,None,test_read_block,https://github.com/dask/dask/blob/main/dask/bytes/tests/test_bytes_utils.py#L24,"    assert read_block(f, 0, 2, delimiter=b""\n"") == b""123\n""     assert read_block(f, 0, 3, delimiter=b""\n"") == b""123\n""     assert read_block(f, 0, 5, delimiter=b""\n"") == b""123\n456\n"""
dask/dask,dask/bytes/tests/test_bytes_utils.py,25,read_block,NOT_EXPLICIT,None,None,test_read_block,https://github.com/dask/dask/blob/main/dask/bytes/tests/test_bytes_utils.py#L25,"    assert read_block(f, 0, 3, delimiter=b""\n"") == b""123\n""     assert read_block(f, 0, 5, delimiter=b""\n"") == b""123\n456\n""     assert read_block(f, 0, 8, delimiter=b""\n"") == b""123\n456\n789"""
dask/dask,dask/bytes/tests/test_bytes_utils.py,26,read_block,NOT_EXPLICIT,None,None,test_read_block,https://github.com/dask/dask/blob/main/dask/bytes/tests/test_bytes_utils.py#L26,"    assert read_block(f, 0, 5, delimiter=b""\n"") == b""123\n456\n""     assert read_block(f, 0, 8, delimiter=b""\n"") == b""123\n456\n789""     assert read_block(f, 0, 100, delimiter=b""\n"") == b""123\n456\n789"""
dask/dask,dask/bytes/tests/test_bytes_utils.py,27,read_block,NOT_EXPLICIT,None,None,test_read_block,https://github.com/dask/dask/blob/main/dask/bytes/tests/test_bytes_utils.py#L27,"    assert read_block(f, 0, 8, delimiter=b""\n"") == b""123\n456\n789""     assert read_block(f, 0, 100, delimiter=b""\n"") == b""123\n456\n789""     assert read_block(f, 1, 1, delimiter=b""\n"") == b"""""
dask/dask,dask/bytes/tests/test_bytes_utils.py,28,read_block,NOT_EXPLICIT,None,None,test_read_block,https://github.com/dask/dask/blob/main/dask/bytes/tests/test_bytes_utils.py#L28,"    assert read_block(f, 0, 100, delimiter=b""\n"") == b""123\n456\n789""     assert read_block(f, 1, 1, delimiter=b""\n"") == b""""     assert read_block(f, 1, 5, delimiter=b""\n"") == b""456\n"""
dask/dask,dask/bytes/tests/test_bytes_utils.py,29,read_block,NOT_EXPLICIT,None,None,test_read_block,https://github.com/dask/dask/blob/main/dask/bytes/tests/test_bytes_utils.py#L29,"    assert read_block(f, 1, 1, delimiter=b""\n"") == b""""     assert read_block(f, 1, 5, delimiter=b""\n"") == b""456\n""     assert read_block(f, 1, 8, delimiter=b""\n"") == b""456\n789"""
dask/dask,dask/bytes/tests/test_bytes_utils.py,30,read_block,NOT_EXPLICIT,None,None,test_read_block,https://github.com/dask/dask/blob/main/dask/bytes/tests/test_bytes_utils.py#L30,"    assert read_block(f, 1, 5, delimiter=b""\n"") == b""456\n""     assert read_block(f, 1, 8, delimiter=b""\n"") == b""456\n789"" "
dask/dask,dask/bytes/tests/test_bytes_utils.py,33,read_block,NOT_EXPLICIT,None,None,test_read_block,https://github.com/dask/dask/blob/main/dask/bytes/tests/test_bytes_utils.py#L33,"    for ols in [[(0, 3), (3, 3), (6, 3), (9, 2)], [(0, 4), (4, 4), (8, 4)]]:         out = [read_block(f, o, l, b""\n"") for o, l in ols]         assert b"""".join(filter(None, out)) == data"
dask/dask,dask/bytes/tests/test_bytes_utils.py,41,seek_delimiter,NOT_EXPLICIT,None,None,test_seek_delimiter_endline,https://github.com/dask/dask/blob/main/dask/bytes/tests/test_bytes_utils.py#L41,"    # if at zero, stay at zero     seek_delimiter(f, b""\n"", 5)     assert f.tell() == 0"
dask/dask,dask/bytes/tests/test_bytes_utils.py,47,seek_delimiter,NOT_EXPLICIT,None,None,test_seek_delimiter_endline,https://github.com/dask/dask/blob/main/dask/bytes/tests/test_bytes_utils.py#L47,"        f.seek(1)         seek_delimiter(f, b""\n"", blocksize=bs)         assert f.tell() == 4"
dask/dask,dask/bytes/tests/test_bytes_utils.py,54,seek_delimiter,NOT_EXPLICIT,None,None,test_seek_delimiter_endline,https://github.com/dask/dask/blob/main/dask/bytes/tests/test_bytes_utils.py#L54,"        f.seek(1)         seek_delimiter(f, b""abc"", blocksize=bs)         assert f.tell() == 6"
dask/dask,dask/bytes/tests/test_bytes_utils.py,60,seek_delimiter,NOT_EXPLICIT,None,None,test_seek_delimiter_endline,https://github.com/dask/dask/blob/main/dask/bytes/tests/test_bytes_utils.py#L60,"    f.seek(5)     seek_delimiter(f, b""\n"", 5)     assert f.tell() == 7"
dask/dask,dask/bytes/tests/test_bytes_utils.py,65,infer_storage_options,NOT_EXPLICIT,None,None,test_infer_storage_options,https://github.com/dask/dask/blob/main/dask/bytes/tests/test_bytes_utils.py#L65,"def test_infer_storage_options():     so = infer_storage_options(""/mnt/datasets/test.csv"")     assert so.pop(""protocol"") == ""file"""
dask/dask,dask/bytes/tests/test_bytes_utils.py,70,infer_storage_options,NOT_EXPLICIT,None,None,test_infer_storage_options,https://github.com/dask/dask/blob/main/dask/bytes/tests/test_bytes_utils.py#L70,"     assert infer_storage_options(""./test.csv"")[""path""] == ""./test.csv""     assert infer_storage_options(""../test.csv"")[""path""] == ""../test.csv"""
dask/dask,dask/bytes/tests/test_bytes_utils.py,71,infer_storage_options,NOT_EXPLICIT,None,None,test_infer_storage_options,https://github.com/dask/dask/blob/main/dask/bytes/tests/test_bytes_utils.py#L71,"    assert infer_storage_options(""./test.csv"")[""path""] == ""./test.csv""     assert infer_storage_options(""../test.csv"")[""path""] == ""../test.csv"" "
dask/dask,dask/bytes/tests/test_bytes_utils.py,73,infer_storage_options,NOT_EXPLICIT,None,None,test_infer_storage_options,https://github.com/dask/dask/blob/main/dask/bytes/tests/test_bytes_utils.py#L73,"     so = infer_storage_options(""C:\\test.csv"")     assert so.pop(""protocol"") == ""file"""
dask/dask,dask/bytes/tests/test_bytes_utils.py,78,infer_storage_options,NOT_EXPLICIT,None,None,test_infer_storage_options,https://github.com/dask/dask/blob/main/dask/bytes/tests/test_bytes_utils.py#L78,"     assert infer_storage_options(""d:\\test.csv"")[""path""] == ""d:\\test.csv""     assert infer_storage_options(""\\test.csv"")[""path""] == ""\\test.csv"""
dask/dask,dask/bytes/tests/test_bytes_utils.py,79,infer_storage_options,NOT_EXPLICIT,None,None,test_infer_storage_options,https://github.com/dask/dask/blob/main/dask/bytes/tests/test_bytes_utils.py#L79,"    assert infer_storage_options(""d:\\test.csv"")[""path""] == ""d:\\test.csv""     assert infer_storage_options(""\\test.csv"")[""path""] == ""\\test.csv""     assert infer_storage_options("".\\test.csv"")[""path""] == "".\\test.csv"""
dask/dask,dask/bytes/tests/test_bytes_utils.py,80,infer_storage_options,NOT_EXPLICIT,None,None,test_infer_storage_options,https://github.com/dask/dask/blob/main/dask/bytes/tests/test_bytes_utils.py#L80,"    assert infer_storage_options(""\\test.csv"")[""path""] == ""\\test.csv""     assert infer_storage_options("".\\test.csv"")[""path""] == "".\\test.csv""     assert infer_storage_options(""test.csv"")[""path""] == ""test.csv"""
dask/dask,dask/bytes/tests/test_bytes_utils.py,81,infer_storage_options,NOT_EXPLICIT,None,None,test_infer_storage_options,https://github.com/dask/dask/blob/main/dask/bytes/tests/test_bytes_utils.py#L81,"    assert infer_storage_options("".\\test.csv"")[""path""] == "".\\test.csv""     assert infer_storage_options(""test.csv"")[""path""] == ""test.csv"" "
dask/dask,dask/bytes/tests/test_bytes_utils.py,83,infer_storage_options,NOT_EXPLICIT,None,None,test_infer_storage_options,https://github.com/dask/dask/blob/main/dask/bytes/tests/test_bytes_utils.py#L83,"     so = infer_storage_options(         ""hdfs://username:pwd@Node:123/mnt/datasets/test.csv?q=1#fragm"",         inherit_storage_options={""extra"": ""value""},     )     assert so.pop(""protocol"") == ""hdfs"""
dask/dask,dask/bytes/tests/test_bytes_utils.py,98,infer_storage_options,NOT_EXPLICIT,None,None,test_infer_storage_options,https://github.com/dask/dask/blob/main/dask/bytes/tests/test_bytes_utils.py#L98,"     so = infer_storage_options(""hdfs://User-name@Node-name.com/mnt/datasets/test.csv"")     assert so.pop(""username"") == ""User-name"""
dask/dask,dask/bytes/tests/test_bytes_utils.py,103,infer_storage_options,NOT_EXPLICIT,None,None,test_infer_storage_options,https://github.com/dask/dask/blob/main/dask/bytes/tests/test_bytes_utils.py#L103,"    u = ""http://127.0.0.1:8080/test.csv""     assert infer_storage_options(u) == {""protocol"": ""http"", ""path"": u} "
dask/dask,dask/bytes/tests/test_bytes_utils.py,110,infer_storage_options,NOT_EXPLICIT,None,None,test_infer_storage_options,https://github.com/dask/dask/blob/main/dask/bytes/tests/test_bytes_utils.py#L110,"    for protocol in [""s3"", ""gcs"", ""gs""]:         options = infer_storage_options(f""{protocol}://Bucket-name.com/test.csv"")         assert options[""path""] == ""Bucket-name.com/test.csv"""
dask/dask,dask/bytes/tests/test_bytes_utils.py,114,infer_storage_options,NOT_EXPLICIT,None,None,test_infer_storage_options,https://github.com/dask/dask/blob/main/dask/bytes/tests/test_bytes_utils.py#L114,"    with pytest.raises(KeyError):         infer_storage_options(""file:///bucket/file.csv"", {""path"": ""collide""})     with pytest.raises(KeyError):"
dask/dask,dask/bytes/tests/test_bytes_utils.py,116,infer_storage_options,NOT_EXPLICIT,None,None,test_infer_storage_options,https://github.com/dask/dask/blob/main/dask/bytes/tests/test_bytes_utils.py#L116,"    with pytest.raises(KeyError):         infer_storage_options(""hdfs:///bucket/file.csv"", {""protocol"": ""collide""}) "
dask/dask,dask/bytes/tests/test_bytes_utils.py,131,infer_storage_options,NOT_EXPLICIT,None,None,test_infer_storage_options_c,https://github.com/dask/dask/blob/main/dask/bytes/tests/test_bytes_utils.py#L131,"def test_infer_storage_options_c(urlpath, expected_path):     so = infer_storage_options(urlpath)     assert so[""protocol""] == ""file"""
dask/dask,dask/bytes/tests/test_bytes_utils.py,141,stringify_path,NOT_EXPLICIT,None,None,test_stringify_path,https://github.com/dask/dask/blob/main/dask/bytes/tests/test_bytes_utils.py#L141,    path = pathlib.Path(test_filepath)     assert stringify_path(path) == test_filepath 
dask/dask,dask/bytes/tests/test_bytes_utils.py,154,stringify_path,NOT_EXPLICIT,None,None,test_stringify_path,https://github.com/dask/dask/blob/main/dask/bytes/tests/test_bytes_utils.py#L154,    path = CustomFSPath(test_filepath)     assert stringify_path(path) == test_filepath 
dask/dask,dask/bytes/tests/test_bytes_utils.py,158,stringify_path,NOT_EXPLICIT,None,None,test_stringify_path,https://github.com/dask/dask/blob/main/dask/bytes/tests/test_bytes_utils.py#L158,"    path = (1, 2, 3)     assert stringify_path(path) is path"
dask/dask,dask/bytes/tests/test_compression.py,11,compr.items,NOT_EXPLICIT,None,None,test_files,https://github.com/dask/dask/blob/main/dask/bytes/tests/test_compression.py#L11," @pytest.mark.parametrize(""fmt,File"", compr.items()) def test_files(fmt, File):"
dask/dask,dask/bytes/tests/test_http.py,58,open_files,NOT_EXPLICIT,None,None,test_simple,https://github.com/dask/dask/blob/main/dask/bytes/tests/test_http.py#L58,    fn = files[0]     f = open_files(root + fn)[0]     with f as f:
dask/dask,dask/bytes/tests/test_http.py,68,open_files,NOT_EXPLICIT,None,None,test_loc,https://github.com/dask/dask/blob/main/dask/bytes/tests/test_http.py#L68,"    fn = files[0]     f = open_files(root + fn)[0]     with open(os.path.join(dir_server, fn), ""rb"") as expected:"
dask/dask,dask/bytes/tests/test_http.py,87,open_files,NOT_EXPLICIT,None,None,test_fetch_range_with_headers,https://github.com/dask/dask/blob/main/dask/bytes/tests/test_http.py#L87,"    headers = {""Date"": ""Wed, 21 Oct 2015 07:28:00 GMT""}     f = open_files(root + fn, headers=headers)[0]     with f as f:"
dask/dask,dask/bytes/tests/test_http.py,98,open_files,NOT_EXPLICIT,None,None,test_ops,https://github.com/dask/dask/blob/main/dask/bytes/tests/test_http.py#L98,"    fn = files[0]     f = open_files(root + fn)[0]     with open(os.path.join(dir_server, fn), ""rb"") as expected:"
dask/dask,dask/bytes/tests/test_http.py,114,open_files,NOT_EXPLICIT,None,None,test_ops_blocksize,https://github.com/dask/dask/blob/main/dask/bytes/tests/test_http.py#L114,"    fn = files[0]     f = open_files(root + fn, block_size=2)[0]     with open(os.path.join(dir_server, fn), ""rb"") as expected:"
dask/dask,dask/bytes/tests/test_http.py,126,open_files,NOT_EXPLICIT,None,None,test_ops_blocksize,https://github.com/dask/dask/blob/main/dask/bytes/tests/test_http.py#L126,"        fn = files[1]         f = open_files(root + fn, block_size=2)[0]         with f as f:"
dask/dask,dask/bytes/tests/test_http.py,138,open_files,NOT_EXPLICIT,None,None,test_errors,https://github.com/dask/dask/blob/main/dask/bytes/tests/test_http.py#L138,"def test_errors(dir_server):     f = open_files(""http://localhost:8999/doesnotexist"")[0]     with pytest.raises(errs):"
dask/dask,dask/bytes/tests/test_http.py,142,open_files,NOT_EXPLICIT,None,None,test_errors,https://github.com/dask/dask/blob/main/dask/bytes/tests/test_http.py#L142,"            f.read()     f = open_files(""http://nohost/"")[0] "
dask/dask,dask/bytes/tests/test_http.py,151,open_files,NOT_EXPLICIT,None,None,test_errors,https://github.com/dask/dask/blob/main/dask/bytes/tests/test_http.py#L151,"    fn = files[0]     f = open_files(root + fn, mode=""wb"")[0]     with pytest.raises(NotImplementedError):"
dask/dask,dask/bytes/tests/test_http.py,155,open_files,NOT_EXPLICIT,None,None,test_errors,https://github.com/dask/dask/blob/main/dask/bytes/tests/test_http.py#L155,            pass     f = open_files(root + fn)[0]     with f as f:
dask/dask,dask/bytes/tests/test_http.py,163,open_files,NOT_EXPLICIT,None,None,test_files,https://github.com/dask/dask/blob/main/dask/bytes/tests/test_http.py#L163,"    root = ""http://localhost:8999/""     fs = open_files([f""{root}{f}"" for f in files])     for f, f2 in zip(fs, files):"
dask/dask,dask/bytes/tests/test_http.py,172,open_files,NOT_EXPLICIT,None,None,test_open_glob,https://github.com/dask/dask/blob/main/dask/bytes/tests/test_http.py#L172,"    root = ""http://localhost:8999/""     fs = open_files(f""{root}*"")     assert fs[0].path == f""{root}a"""
dask/dask,dask/bytes/tests/test_local.py,225,open_files,NOT_EXPLICIT,None,None,test_open_files,https://github.com/dask/dask/blob/main/dask/bytes/tests/test_local.py#L225,"    with filetexts(files, mode=""b""):         myfiles = open_files("".test.accounts.*"")         assert len(myfiles) == len(files)"
dask/dask,dask/bytes/tests/test_local.py,236,open_files,NOT_EXPLICIT,None,None,test_open_files_text_mode,https://github.com/dask/dask/blob/main/dask/bytes/tests/test_local.py#L236,"    with filetexts(files, mode=""b""):         myfiles = open_files("".test.accounts.*"", mode=""rt"", encoding=encoding)         assert len(myfiles) == len(files)"
dask/dask,dask/bytes/tests/test_local.py,252,open_files,NOT_EXPLICIT,None,None,test_open_files_compression,https://github.com/dask/dask/blob/main/dask/bytes/tests/test_local.py#L252,"    with filetexts(files2, mode=""b""):         myfiles = open_files("".test.accounts.*"", mode=mode, compression=fmt)         data = []"
dask/dask,dask/bytes/tests/test_local.py,300,open_files,NOT_EXPLICIT,None,None,test_open_files_write,https://github.com/dask/dask/blob/main/dask/bytes/tests/test_local.py#L300,"    tmpdir = str(tmpdir)     files = open_files(tmpdir, num=2, mode=""wb"", compression=compression)     assert len(files) == 2"
dask/dask,dask/bytes/tests/test_local.py,318,open_files,NOT_EXPLICIT,None,None,test_pickability_of_lazy_files,https://github.com/dask/dask/blob/main/dask/bytes/tests/test_local.py#L318,"    with filetexts(files, mode=""b""):         myfiles = open_files("".test.accounts.*"")         myfiles2 = cloudpickle.loads(cloudpickle.dumps(myfiles))"
dask/dask,dask/bytes/tests/test_local.py,333,open_files,NOT_EXPLICIT,None,None,test_py2_local_bytes,https://github.com/dask/dask/blob/main/dask/bytes/tests/test_local.py#L333,"     files = open_files(fn, compression=""gzip"", mode=""rt"") "
dask/dask,dask/bytes/tests/test_local.py,345,LocalFileSystem,NOT_EXPLICIT,None,None,test_abs_paths,https://github.com/dask/dask/blob/main/dask/bytes/tests/test_local.py#L345,"        f.write(""hi"")     out = LocalFileSystem().glob(""*"")     assert len(out) == 1"
dask/dask,dask/bytes/tests/test_local.py,350,LocalFileSystem,NOT_EXPLICIT,None,None,test_abs_paths,https://github.com/dask/dask/blob/main/dask/bytes/tests/test_local.py#L350,     fs = LocalFileSystem()     os.chdir(here)
dask/dask,dask/bytes/tests/test_local.py,352,fs.open,NOT_EXPLICIT,None,None,test_abs_paths,https://github.com/dask/dask/blob/main/dask/bytes/tests/test_local.py#L352,"    os.chdir(here)     with fs.open(out[0], ""r"") as f:         res = f.read()"
dask/dask,dask/bytes/tests/test_s3.py,135,fs.invalidate_cache,NOT_EXPLICIT,None,None,s3_context,https://github.com/dask/dask/blob/main/dask/bytes/tests/test_s3.py#L135,    s3fs.S3FileSystem.clear_instance_cache()     fs.invalidate_cache()     try:
dask/dask,dask/bytes/tests/test_s3.py,139,fs.rm,NOT_EXPLICIT,None,None,s3_context,https://github.com/dask/dask/blob/main/dask/bytes/tests/test_s3.py#L139,"    finally:         fs.rm(bucket, recursive=True) "
dask/dask,dask/bytes/tests/test_s3.py,247,open_files,NOT_EXPLICIT,None,None,test_open_files_write,https://github.com/dask/dask/blob/main/dask/bytes/tests/test_s3.py#L247,"    paths = [f""s3://{test_bucket_name}/more/{f}"" for f in files]     fils = open_files(paths, mode=""wb"", **s3so)     for fil, data in zip(fils, files.values()):"
dask/dask,dask/bytes/tests/test_s3.py,415,open_files,NOT_EXPLICIT,None,None,test_open_files,https://github.com/dask/dask/blob/main/dask/bytes/tests/test_s3.py#L415,"def test_open_files(s3, mode, s3so):     myfiles = open_files(f""s3://{test_bucket_name}/test/accounts.*"", mode=mode, **s3so)     assert len(myfiles) == len(files)"
dask/dask,dask/bytes/tests/test_s3.py,511,get_fs_token_paths,NOT_EXPLICIT,None,None,test_parquet,https://github.com/dask/dask/blob/main/dask/bytes/tests/test_s3.py#L511,"    # Check ""open_file_func""     fs = get_fs_token_paths(url, storage_options=s3so)[0] "
dask/dask,dask/bytes/tests/test_s3.py,515,fs.open,NOT_EXPLICIT,None,None,_open,https://github.com/dask/dask/blob/main/dask/bytes/tests/test_s3.py#L515,"        assert check         return fs.open(*args, **kwargs) "
dask/dask,dask/dataframe/dask_expr/_collection.py,5359,stringify_path,NOT_EXPLICIT,None,None,read_parquet,https://github.com/dask/dask/blob/main/dask/dataframe/dask_expr/_collection.py#L5359,"    if not isinstance(path, str):         path = stringify_path(path) "
dask/dask,dask/dataframe/dask_expr/_collection.py,5374,filesystem.lower,NOT_EXPLICIT,None,None,read_parquet,https://github.com/dask/dask/blob/main/dask/dataframe/dask_expr/_collection.py#L5374,"        or isinstance(filesystem, str)         and filesystem.lower() in (""arrow"", ""pyarrow"")     ):"
dask/dask,dask/dataframe/dask_expr/io/parquet.py,140,fs.equals,NOT_EXPLICIT,None,FragmentWrapper,pack,https://github.com/dask/dask/blob/main/dask/dataframe/dask_expr/io/parquet.py#L140,            fs = self._filesystem or self._fragment.filesystem             assert fs.equals(self._fragment.filesystem)             if self._filesystem_pickle_cache[0] != id(fs):
dask/dask,dask/dataframe/dask_expr/io/parquet.py,489,stringify_path,NOT_EXPLICIT,None,None,to_parquet,https://github.com/dask/dask/blob/main/dask/dataframe/dask_expr/io/parquet.py#L489,"    if hasattr(path, ""name""):         path = stringify_path(path) "
dask/dask,dask/dataframe/dask_expr/io/parquet.py,505,fs.exists,NOT_EXPLICIT,None,None,to_parquet,https://github.com/dask/dask/blob/main/dask/dataframe/dask_expr/io/parquet.py#L505,         if fs.exists(path) and fs.isdir(path):             # Check for any previous parquet ops reading from a file in the
dask/dask,dask/dataframe/dask_expr/io/parquet.py,505,fs.isdir,NOT_EXPLICIT,None,None,to_parquet,https://github.com/dask/dask/blob/main/dask/dataframe/dask_expr/io/parquet.py#L505,         if fs.exists(path) and fs.isdir(path):             # Check for any previous parquet ops reading from a file in the
dask/dask,dask/dataframe/dask_expr/io/parquet.py,520,fs.expand_path,NOT_EXPLICIT,None,None,to_parquet,https://github.com/dask/dask/blob/main/dask/dataframe/dask_expr/io/parquet.py#L520,"            if _is_local_fs(fs):                 working_dir = fs.expand_path(""."")[0]                 if path.rstrip(""/"") == working_dir.rstrip(""/""):"
dask/dask,dask/dataframe/dask_expr/io/parquet.py,527,fs.rm,NOT_EXPLICIT,None,None,to_parquet,https://github.com/dask/dask/blob/main/dask/dataframe/dask_expr/io/parquet.py#L527,"            # It's safe to clear the output directory             fs.rm(path, recursive=True) "
dask/dask,dask/dataframe/dask_expr/io/parquet.py,666,fs.invalidate_cache,NOT_EXPLICIT,None,None,to_parquet,https://github.com/dask/dask/blob/main/dask/dataframe/dask_expr/io/parquet.py#L666,    # that reading files that were just written succeeds.     fs.invalidate_cache(path) 
dask/dask,dask/dataframe/dask_expr/io/parquet.py,1023,self.fs.get_file_info,NOT_EXPLICIT,None,ReadParquetPyarrowFS,_dataset_info,https://github.com/dask/dask/blob/main/dask/dataframe/dask_expr/io/parquet.py#L1023,                        finfo                         for finfo in self.fs.get_file_info(dataset_selector)                         if finfo.type == pa.fs.FileType.File
dask/dask,dask/dataframe/dask_expr/io/parquet.py,1028,self.fs.get_file_info,NOT_EXPLICIT,None,ReadParquetPyarrowFS,_dataset_info,https://github.com/dask/dask/blob/main/dask/dataframe/dask_expr/io/parquet.py#L1028,"        except (NotADirectoryError, FileNotFoundError):             all_files = [self.fs.get_file_info(path) for path in path_normalized]         # TODO: At this point we could verify if we're dealing with a very"
dask/dask,dask/dataframe/dask_expr/io/parquet.py,1394,fs.checksum,NOT_EXPLICIT,None,ReadParquetFSSpec,_dataset_info,https://github.com/dask/dask/blob/main/dask/dataframe/dask_expr/io/parquet.py#L1394,"            # _collect_dataset_info             checksum.append(fs.checksum(file))         dataset_info[""checksum""] = tokenize(checksum)"
dask/dask,dask/dataframe/dask_expr/io/parquet.py,1781,fs.open,NOT_EXPLICIT,None,None,_read_partition_stats,https://github.com/dask/dask/blob/main/dask/dataframe/dask_expr/io/parquet.py#L1781,"            row_groups = None if piece[1] == [None] else piece[1]             with fs.open(path, default_cache=""none"") as f:                 md = pq.ParquetFile(f).metadata"
dask/dask,dask/dataframe/dask_expr/io/tests/test_parquet.py,115,fs.LocalFileSystem,NOT_EXPLICIT,None,None,test_pyarrow_filesystem,https://github.com/dask/dask/blob/main/dask/dataframe/dask_expr/io/tests/test_parquet.py#L115,def test_pyarrow_filesystem(parquet_file):     filesystem = fs.LocalFileSystem() 
dask/dask,dask/dataframe/dask_expr/io/tests/test_parquet.py,126,fs.LocalFileSystem,NOT_EXPLICIT,None,None,test_pyarrow_filesystem_dtype_backend,https://github.com/dask/dask/blob/main/dask/dataframe/dask_expr/io/tests/test_parquet.py#L126,"def test_pyarrow_filesystem_dtype_backend(parquet_file, dtype_backend):     filesystem = fs.LocalFileSystem() "
dask/dask,dask/dataframe/dask_expr/io/tests/test_parquet.py,139,fs.LocalFileSystem,NOT_EXPLICIT,None,None,test_pyarrow_filesystem_types_mapper,https://github.com/dask/dask/blob/main/dask/dataframe/dask_expr/io/tests/test_parquet.py#L139,    # anywhere     filesystem = fs.LocalFileSystem() 
dask/dask,dask/dataframe/dask_expr/io/tests/test_parquet.py,151,fs.LocalFileSystem,NOT_EXPLICIT,None,None,test_pyarrow_filesystem_serialize,https://github.com/dask/dask/blob/main/dask/dataframe/dask_expr/io/tests/test_parquet.py#L151,def test_pyarrow_filesystem_serialize(parquet_file):     filesystem = fs.LocalFileSystem() 
dask/dask,dask/dataframe/dask_expr/io/tests/test_parquet.py,167,fs.LocalFileSystem,NOT_EXPLICIT,None,None,test_pyarrow_filesystem_filters,https://github.com/dask/dask/blob/main/dask/dataframe/dask_expr/io/tests/test_parquet.py#L167,def test_pyarrow_filesystem_filters(parquet_file):     filesystem = fs.LocalFileSystem() 
dask/dask,dask/dataframe/dask_expr/io/tests/test_parquet.py,182,fs.LocalFileSystem,NOT_EXPLICIT,None,None,test_pyarrow_filesystem_list_of_files,https://github.com/dask/dask/blob/main/dask/dataframe/dask_expr/io/tests/test_parquet.py#L182,"def test_pyarrow_filesystem_list_of_files(parquet_file, second_parquet_file):     filesystem = fs.LocalFileSystem() "
dask/dask,dask/dataframe/dask_expr/io/tests/test_parquet.py,191,fs.LocalFileSystem,NOT_EXPLICIT,None,None,test_partition_pruning,https://github.com/dask/dask/blob/main/dask/dataframe/dask_expr/io/tests/test_parquet.py#L191,"    with dask.config.set({""dataframe.parquet.minimum-partition-size"": 1}):         filesystem = fs.LocalFileSystem()         df = from_pandas("
dask/dask,dask/dataframe/dask_expr/io/tests/test_parquet.py,309,fs.LocalFileSystem,NOT_EXPLICIT,None,None,test_aggregate_rg_stats_to_file,https://github.com/dask/dask/blob/main/dask/dataframe/dask_expr/io/tests/test_parquet.py#L309,def test_aggregate_rg_stats_to_file(tmpdir):     filesystem = fs.LocalFileSystem()     fn = str(tmpdir)
dask/dask,dask/dataframe/io/csv.py,488,get_fs_token_paths,NOT_EXPLICIT,None,None,read_pandas,https://github.com/dask/dask/blob/main/dask/dataframe/io/csv.py#L488,"        # Translate the input urlpath to a simple path list         paths = get_fs_token_paths(urlpath, mode=""rb"", storage_options=storage_options)[             2"
dask/dask,dask/dataframe/io/csv.py,497,infer_compression,NOT_EXPLICIT,None,None,read_pandas,https://github.com/dask/dask/blob/main/dask/dataframe/io/csv.py#L497,        # Infer compression from first path         compression = infer_compression(paths[0]) 
dask/dask,dask/dataframe/io/csv.py,911,open_file,NOT_EXPLICIT,None,None,to_csv,https://github.com/dask/dask/blob/main/dask/dataframe/io/csv.py#L911,"    if single_file:         first_file = open_file(filename, mode=mode, **file_options)         value = to_csv_chunk(dfs[0], first_file, **kwargs)"
dask/dask,dask/dataframe/io/csv.py,915,open_file,NOT_EXPLICIT,None,None,to_csv,https://github.com/dask/dask/blob/main/dask/dataframe/io/csv.py#L915,"        append_mode = append_mode.replace(""w"", """").replace(""x"", """")         append_file = open_file(filename, mode=append_mode, **file_options)         kwargs[""header""] = False"
dask/dask,dask/dataframe/io/csv.py,922,open_files,NOT_EXPLICIT,None,None,to_csv,https://github.com/dask/dask/blob/main/dask/dataframe/io/csv.py#L922,"    else:         files = open_files(             filename,             mode=mode,             name_function=name_function,             num=df.npartitions,             **file_options,         )         values = [to_csv_chunk(dfs[0], files[0], **kwargs)]"
dask/dask,dask/dataframe/io/hdf.py,147,stringify_path,NOT_EXPLICIT,None,None,to_hdf,https://github.com/dask/dask/blob/main/dask/dataframe/io/hdf.py#L147,     path = stringify_path(path) 
dask/dask,dask/dataframe/io/hdf.py,176,build_name_function,NOT_EXPLICIT,None,None,to_hdf,https://github.com/dask/dask/blob/main/dask/dataframe/io/hdf.py#L176,    if name_function is None:         name_function = build_name_function(df.npartitions - 1) 
dask/dask,dask/dataframe/io/hdf.py,381,stringify_path,NOT_EXPLICIT,None,None,read_hdf,https://github.com/dask/dask/blob/main/dask/dataframe/io/hdf.py#L381,    # Convert path-like objects to a string     pattern = stringify_path(pattern) 
dask/dask,dask/dataframe/io/json.py,78,open_files,NOT_EXPLICIT,None,None,to_json,https://github.com/dask/dask/blob/main/dask/dataframe/io/json.py#L78,"    kwargs[""lines""] = lines and orient == ""records""     outfiles = open_files(         url_path,         ""wt"",         encoding=encoding,         errors=errors,         name_function=name_function,         num=df.npartitions,         compression=compression,         **(storage_options or {}),     )     parts = ["
dask/dask,dask/dataframe/io/json.py,268,open_files,NOT_EXPLICIT,None,None,read_json,https://github.com/dask/dask/blob/main/dask/dataframe/io/json.py#L268,"    else:         files = open_files(             url_path,             ""rt"",             encoding=encoding,             errors=errors,             compression=compression,             **storage_options,         )         path_dtype = pd.CategoricalDtype(path_converter(f.path) for f in files)"
dask/dask,dask/dataframe/io/orc/arrow.py,23,fs.isfile,NOT_EXPLICIT,None,ArrowORCEngine,read_metadata,https://github.com/dask/dask/blob/main/dask/dataframe/io/orc/arrow.py#L23,        # TODO: Handle hive-partitioned data         if len(paths) == 1 and not fs.isfile(paths[0]):             paths = fs.find(paths[0])
dask/dask,dask/dataframe/io/orc/arrow.py,24,fs.find,NOT_EXPLICIT,None,ArrowORCEngine,read_metadata,https://github.com/dask/dask/blob/main/dask/dataframe/io/orc/arrow.py#L24,        if len(paths) == 1 and not fs.isfile(paths[0]):             paths = fs.find(paths[0]) 
dask/dask,dask/dataframe/io/orc/arrow.py,39,fs.open,NOT_EXPLICIT,None,ArrowORCEngine,read_metadata,https://github.com/dask/dask/blob/main/dask/dataframe/io/orc/arrow.py#L39,"            for path in paths:                 with fs.open(path, ""rb"") as f:                     o = orc.ORCFile(f)"
dask/dask,dask/dataframe/io/orc/arrow.py,60,fs.open,NOT_EXPLICIT,None,ArrowORCEngine,read_metadata,https://github.com/dask/dask/blob/main/dask/dataframe/io/orc/arrow.py#L60,"                if schema is None:                     with fs.open(paths[0], ""rb"") as f:                         o = orc.ORCFile(f)"
dask/dask,dask/dataframe/io/orc/arrow.py,111,fs.open,NOT_EXPLICIT,None,ArrowORCEngine,write_partition,https://github.com/dask/dask/blob/main/dask/dataframe/io/orc/arrow.py#L111,"        table = pa.Table.from_pandas(df)         with fs.open(fs.sep.join([path, filename]), ""wb"") as f:             orc.write_table(table, f)"
dask/dask,dask/dataframe/io/orc/arrow.py,122,fs.open,NOT_EXPLICIT,None,None,_read_orc_stripes,https://github.com/dask/dask/blob/main/dask/dataframe/io/orc/arrow.py#L122,"    batches = []     with fs.open(path, ""rb"") as f:         o = orc.ORCFile(f)"
dask/dask,dask/dataframe/io/orc/core.py,81,get_fs_token_paths,NOT_EXPLICIT,None,None,read_orc,https://github.com/dask/dask/blob/main/dask/dataframe/io/orc/core.py#L81,"    storage_options = storage_options or {}     fs, fs_token, paths = get_fs_token_paths(         path, mode=""rb"", storage_options=storage_options     ) "
dask/dask,dask/dataframe/io/orc/core.py,174,stringify_path,NOT_EXPLICIT,None,None,to_orc,https://github.com/dask/dask/blob/main/dask/dataframe/io/orc/core.py#L174,"    if hasattr(path, ""name""):         path = stringify_path(path)     fs, _, _ = get_fs_token_paths(path, mode=""wb"", storage_options=storage_options)"
dask/dask,dask/dataframe/io/orc/core.py,175,get_fs_token_paths,NOT_EXPLICIT,None,None,to_orc,https://github.com/dask/dask/blob/main/dask/dataframe/io/orc/core.py#L175,"        path = stringify_path(path)     fs, _, _ = get_fs_token_paths(path, mode=""wb"", storage_options=storage_options)     # Trim any protocol information from the path before forwarding"
dask/dask,dask/dataframe/io/orc/core.py,177,fs._strip_protocol,NOT_EXPLICIT,None,None,to_orc,https://github.com/dask/dask/blob/main/dask/dataframe/io/orc/core.py#L177,    # Trim any protocol information from the path before forwarding     path = fs._strip_protocol(path) 
dask/dask,dask/dataframe/io/orc/core.py,184,fs.mkdirs,NOT_EXPLICIT,None,None,to_orc,https://github.com/dask/dask/blob/main/dask/dataframe/io/orc/core.py#L184,"    # Use df.npartitions to define file-name list     fs.mkdirs(path, exist_ok=True)     filenames = [f""part.{i}.orc"" for i in range(df.npartitions)]"
dask/dask,dask/dataframe/io/parquet/arrow.py,112,fs.mkdirs,NOT_EXPLICIT,None,None,_write_partitioned,https://github.com/dask/dask/blob/main/dask/dataframe/io/parquet/arrow.py#L112,"    """"""     fs.mkdirs(root_path, exist_ok=True) "
dask/dask,dask/dataframe/io/parquet/arrow.py,148,fs.mkdirs,NOT_EXPLICIT,None,None,_write_partitioned,https://github.com/dask/dask/blob/main/dask/dataframe/io/parquet/arrow.py#L148,"        prefix = fs.sep.join([root_path, subdir])         fs.mkdirs(prefix, exist_ok=True)         full_path = fs.sep.join([prefix, filename])"
dask/dask,dask/dataframe/io/parquet/arrow.py,150,fs.open,NOT_EXPLICIT,None,None,_write_partitioned,https://github.com/dask/dask/blob/main/dask/dataframe/io/parquet/arrow.py#L150,"        full_path = fs.sep.join([prefix, filename])         with fs.open(full_path, ""wb"") as f:             pq.write_table("
dask/dask,dask/dataframe/io/parquet/arrow.py,470,stringify_path,NOT_EXPLICIT,None,ArrowDatasetEngine,extract_filesystem,https://github.com/dask/dask/blob/main/dask/dataframe/io/parquet/arrow.py#L470,"                    raise ValueError(""empty urlpath sequence"")                 urlpath = [stringify_path(u) for u in urlpath]             else:"
dask/dask,dask/dataframe/io/parquet/arrow.py,472,stringify_path,NOT_EXPLICIT,None,ArrowDatasetEngine,extract_filesystem,https://github.com/dask/dask/blob/main/dask/dataframe/io/parquet/arrow.py#L472,            else:                 urlpath = [stringify_path(urlpath)] 
dask/dask,dask/dataframe/io/parquet/arrow.py,483,ArrowFSWrapper,NOT_EXPLICIT,None,ArrowDatasetEngine,extract_filesystem,https://github.com/dask/dask/blob/main/dask/dataframe/io/parquet/arrow.py#L483,"             fsspec_fs = ArrowFSWrapper(fs)             if urlpath[0].startswith(""C:"") and isinstance(fs, pa_fs.LocalFileSystem):"
dask/dask,dask/dataframe/io/parquet/arrow.py,489,LocalFileSystem,NOT_EXPLICIT,None,ArrowDatasetEngine,extract_filesystem,https://github.com/dask/dask/blob/main/dask/dataframe/io/parquet/arrow.py#L489,                 fs_strip = LocalFileSystem()             else:
dask/dask,dask/dataframe/io/parquet/arrow.py,492,expand_paths_if_needed,NOT_EXPLICIT,None,ArrowDatasetEngine,extract_filesystem,https://github.com/dask/dask/blob/main/dask/dataframe/io/parquet/arrow.py#L492,"                fs_strip = fsspec_fs             paths = expand_paths_if_needed(urlpath, ""rb"", 1, fsspec_fs, None)             return ("
dask/dask,dask/dataframe/io/parquet/arrow.py,670,fs.mkdirs,NOT_EXPLICIT,None,ArrowDatasetEngine,initialize_write,https://github.com/dask/dask/blob/main/dask/dataframe/io/parquet/arrow.py#L670,"        # Check that target directory exists         fs.mkdirs(path, exist_ok=True)         if append and division_info is None:"
dask/dask,dask/dataframe/io/parquet/arrow.py,684,fs.open,NOT_EXPLICIT,None,ArrowDatasetEngine,initialize_write,https://github.com/dask/dask/blob/main/dask/dataframe/io/parquet/arrow.py#L684,"                try:                     with fs.open(fs.sep.join([path, ""_metadata""]), mode=""rb"") as fil:                         full_metadata = pq.read_metadata(fil)"
dask/dask,dask/dataframe/io/parquet/arrow.py,690,fs.open,NOT_EXPLICIT,None,ArrowDatasetEngine,initialize_write,https://github.com/dask/dask/blob/main/dask/dataframe/io/parquet/arrow.py#L690,"                    try:                         with fs.open(                             sorted(ds.files, key=natural_sort_key)[-1], mode=""rb""                         ) as fil:                             tail_metadata = pq.read_metadata(fil)"
dask/dask,dask/dataframe/io/parquet/arrow.py,851,fs.open,NOT_EXPLICIT,None,ArrowDatasetEngine,write_partition,https://github.com/dask/dask/blob/main/dask/dataframe/io/parquet/arrow.py#L851,"            md_list = []             with fs.open(fs.sep.join([path, filename]), ""wb"") as fil:                 pq.write_table("
dask/dask,dask/dataframe/io/parquet/arrow.py,882,fs.open,NOT_EXPLICIT,None,ArrowDatasetEngine,write_metadata,https://github.com/dask/dask/blob/main/dask/dataframe/io/parquet/arrow.py#L882,"                kwargs_meta = {k: v for k, v in kwargs.items() if k in keywords}                 with fs.open(common_metadata_path, ""wb"") as fil:                     pq.write_metadata(schema, fil, **kwargs_meta)"
dask/dask,dask/dataframe/io/parquet/arrow.py,895,fs.open,NOT_EXPLICIT,None,ArrowDatasetEngine,write_metadata,https://github.com/dask/dask/blob/main/dask/dataframe/io/parquet/arrow.py#L895,"                _append_row_groups(_meta, parts[i][0][""meta""])             with fs.open(metadata_path, ""wb"") as fil:                 _meta.write_metadata_file(fil)"
dask/dask,dask/dataframe/io/parquet/arrow.py,940,fs.isdir,NOT_EXPLICIT,None,ArrowDatasetEngine,_collect_dataset_info,https://github.com/dask/dask/blob/main/dask/dataframe/io/parquet/arrow.py#L940,        has_metadata_file = False         if len(paths) == 1 and fs.isdir(paths[0]):             # Use _analyze_paths to avoid relative-path
dask/dask,dask/dataframe/io/parquet/arrow.py,947,fs.exists,NOT_EXPLICIT,None,ArrowDatasetEngine,_collect_dataset_info,https://github.com/dask/dask/blob/main/dask/dataframe/io/parquet/arrow.py#L947,"            meta_path = fs.sep.join([paths, ""_metadata""])             if not ignore_metadata_file and fs.exists(meta_path):                 # Use _metadata file"
dask/dask,dask/dataframe/io/parquet/arrow.py,961,fs.find,NOT_EXPLICIT,None,ArrowDatasetEngine,_collect_dataset_info,https://github.com/dask/dask/blob/main/dask/dataframe/io/parquet/arrow.py#L961,                    path                     for path in fs.find(paths)                     if path.endswith(parquet_file_extension)
dask/dask,dask/dataframe/io/parquet/arrow.py,1820,fs.open,NOT_EXPLICIT,None,ArrowDatasetEngine,collect_file_metadata,https://github.com/dask/dask/blob/main/dask/dataframe/io/parquet/arrow.py#L1820,"    def collect_file_metadata(cls, path, fs, file_path):         with fs.open(path, ""rb"") as f:             meta = pq.ParquetFile(f).metadata"
dask/dask,dask/dataframe/io/parquet/arrow.py,1836,fs.open,NOT_EXPLICIT,None,ArrowDatasetEngine,aggregate_metadata,https://github.com/dask/dask/blob/main/dask/dataframe/io/parquet/arrow.py#L1836,"            metadata_path = fs.sep.join([out_path, ""_metadata""])             with fs.open(metadata_path, ""wb"") as fil:                 if not meta:"
dask/dask,dask/dataframe/io/parquet/core.py,289,get_fs_token_paths,NOT_EXPLICIT,None,None,create_metadata_file,https://github.com/dask/dask/blob/main/dask/dataframe/io/parquet/core.py#L289,"        # already defined. The prefixes may already be stripped.         fs, _, paths = get_fs_token_paths(             paths, mode=""rb"", storage_options=storage_options         )     ap_kwargs = {""root"": root_dir} if root_dir else {}"
dask/dask,dask/dataframe/io/parquet/utils.py,72,get_fs_token_paths,NOT_EXPLICIT,None,Engine,extract_filesystem,https://github.com/dask/dask/blob/main/dask/dataframe/io/parquet/utils.py#L72,"            # Use fsspec to infer a filesystem by default             fs, _, paths = get_fs_token_paths(                 urlpath, mode=""rb"", storage_options=storage_options             )             return fs, paths, dataset_options, open_file_options"
dask/dask,dask/dataframe/io/parquet/utils.py,95,stringify_path,NOT_EXPLICIT,None,Engine,extract_filesystem,https://github.com/dask/dask/blob/main/dask/dataframe/io/parquet/utils.py#L95,"                    raise ValueError(""empty urlpath sequence"")                 urlpath = [stringify_path(u) for u in urlpath]             else:"
dask/dask,dask/dataframe/io/parquet/utils.py,97,stringify_path,NOT_EXPLICIT,None,Engine,extract_filesystem,https://github.com/dask/dask/blob/main/dask/dataframe/io/parquet/utils.py#L97,            else:                 urlpath = [stringify_path(urlpath)] 
dask/dask,dask/dataframe/io/parquet/utils.py,99,expand_paths_if_needed,NOT_EXPLICIT,None,Engine,extract_filesystem,https://github.com/dask/dask/blob/main/dask/dataframe/io/parquet/utils.py#L99,"             paths = expand_paths_if_needed(urlpath, ""rb"", 1, fs, None)             return ("
dask/dask,dask/dataframe/io/parquet/utils.py,102,fs._strip_protocol,NOT_EXPLICIT,None,Engine,extract_filesystem,https://github.com/dask/dask/blob/main/dask/dataframe/io/parquet/utils.py#L102,"                fs,                 [fs._strip_protocol(u) for u in paths],                 dataset_options,"
dask/dask,dask/dataframe/io/tests/test_parquet.py,1584,LocalFileSystem._strip_protocol,NOT_EXPLICIT,None,None,test_to_parquet_calls_invalidate_cache,https://github.com/dask/dask/blob/main/dask/dataframe/io/tests/test_parquet.py#L1584,"    ddf.to_parquet(tmpdir, compute=compute)     path = LocalFileSystem._strip_protocol(str(tmpdir))     assert invalidate_cache.called"
dask/dask,dask/dataframe/io/tests/test_parquet.py,3770,get_filesystem_class,NOT_EXPLICIT,None,None,test_fsspec_to_parquet_filesystem_option,https://github.com/dask/dask/blob/main/dask/dataframe/io/tests/test_parquet.py#L3770,"    df = pd.DataFrame({""a"": range(10)})     fs = get_filesystem_class(""memory"")(use_instance_cache=False)     df.to_parquet(key1, filesystem=fs)"
dask/dask,dask/dataframe/io/tests/test_parquet.py,3782,fs.ls,NOT_EXPLICIT,None,None,test_fsspec_to_parquet_filesystem_option,https://github.com/dask/dask/blob/main/dask/dataframe/io/tests/test_parquet.py#L3782,"    # make sure we wrote a key to memory fs     assert len(fs.ls(key2, detail=False)) == 1 "
dask/dask,dask/dataframe/io/tests/test_parquet.py,3786,fs.ls,NOT_EXPLICIT,None,None,test_fsspec_to_parquet_filesystem_option,https://github.com/dask/dask/blob/main/dask/dataframe/io/tests/test_parquet.py#L3786,"    ddf.to_parquet(key2, append=True, filesystem=fs)     assert len(fs.ls(key2, detail=False)) == 2, ""should have two parts"" "
dask/dask,dask/dataframe/io/utils.py,210,fsspec_parquet.open_parquet_file,NOT_EXPLICIT,None,None,_open_input_files,https://github.com/dask/dask/blob/main/dask/dataframe/io/utils.py#L210,"            _set_context(                 fsspec_parquet.open_parquet_file(                     path,                     fs=fs,                     row_groups=rgs,                     **kwargs,                 ),                 context_stack,"
dask/dask,dask/dataframe/io/utils.py,221,fs.open,NOT_EXPLICIT,None,None,_open_input_files,https://github.com/dask/dask/blob/main/dask/dataframe/io/utils.py#L221,"    elif fs is not None:         return [_set_context(fs.open(path, **kwargs), context_stack) for path in paths]     return [_set_context(open(path, **kwargs), context_stack) for path in paths]"
intake/intake,intake/catalog/base.py,341,open_files,NOT_EXPLICIT,None,Catalog,save,https://github.com/intake/intake/blob/master/intake/catalog/base.py#L341,"         with open_files([url], **(storage_options or {}), mode=""wt"")[0] as f:             f.write(self.serialize())"
intake/intake,intake/catalog/local.py,575,split_protocol,NOT_EXPLICIT,None,None,get_dir,https://github.com/intake/intake/blob/master/intake/catalog/local.py#L575,"    if ""://"" in path:         protocol, _ = split_protocol(path)         out = get_filesystem_class(protocol)._parent(path)"
intake/intake,intake/catalog/local.py,576,get_filesystem_class,NOT_EXPLICIT,None,None,get_dir,https://github.com/intake/intake/blob/master/intake/catalog/local.py#L576,"        protocol, _ = split_protocol(path)         out = get_filesystem_class(protocol)._parent(path)         if ""://"" not in out:"
intake/intake,intake/catalog/local.py,639,open_files,NOT_EXPLICIT,None,YAMLFileCatalog,_load,https://github.com/intake/intake/blob/master/intake/catalog/local.py#L639,"            elif self.filesystem is None:                 file_open = open_files(self.path, mode=""rb"", **options)                 assert len(file_open) == 1"
intake/intake,intake/catalog/local.py,644,self.filesystem.open,NOT_EXPLICIT,None,YAMLFileCatalog,_load,https://github.com/intake/intake/blob/master/intake/catalog/local.py#L644,"            else:                 file_open = self.filesystem.open(self.path, mode=""rb"")             self._dir = get_dir(self.path)"
intake/intake,intake/catalog/local.py,690,open_files,NOT_EXPLICIT,None,YAMLFileCatalog,add,https://github.com/intake/intake/blob/master/intake/catalog/local.py#L690,"            options = self.storage_options or {}             file_open = open_files([self.path], mode=""wt"", **options)         else:"
intake/intake,intake/catalog/local.py,693,open_files,NOT_EXPLICIT,None,YAMLFileCatalog,add,https://github.com/intake/intake/blob/master/intake/catalog/local.py#L693,"            options = storage_options or {}             file_open = open_files([path], mode=""wt"", **options)         assert len(file_open) == 1"
intake/intake,intake/catalog/local.py,805,open_files,NOT_EXPLICIT,None,YAMLFilesCatalog,_load,https://github.com/intake/intake/blob/master/intake/catalog/local.py#L805,"        if isinstance(self.path, (list, tuple)):             files = sum([open_files(p, mode=""rb"", **options) for p in self.path], [])             self.name = self.name or ""%i files"" % len(files)"
intake/intake,intake/catalog/local.py,812,open_files,NOT_EXPLICIT,None,YAMLFilesCatalog,_load,https://github.com/intake/intake/blob/master/intake/catalog/local.py#L812,"                self.path = self.path + ""/*""             files = open_files(self.path, mode=""rb"", **options)             self.path = make_path_posix(self.path)"
intake/intake,intake/catalog/tests/test_local.py,26,make_path_posix,NOT_EXPLICIT,None,None,abspath,https://github.com/intake/intake/blob/master/intake/catalog/tests/test_local.py#L26,"def abspath(filename):     return make_path_posix(os.path.join(os.path.dirname(__file__), filename)) "
intake/intake,intake/catalog/tests/test_local.py,783,fsspec.filesystem,NOT_EXPLICIT,None,None,test_fsspec_integration,https://github.com/intake/intake/blob/master/intake/catalog/tests/test_local.py#L783,"     mem = fsspec.filesystem(""memory"")     with mem.open(""cat.yaml"", ""wt"") as f:"
intake/intake,intake/catalog/tests/test_local.py,784,mem.open,NOT_EXPLICIT,None,None,test_fsspec_integration,https://github.com/intake/intake/blob/master/intake/catalog/tests/test_local.py#L784,"    mem = fsspec.filesystem(""memory"")     with mem.open(""cat.yaml"", ""wt"") as f:         f.write("
intake/intake,intake/catalog/tests/test_local.py,805,mem.open,NOT_EXPLICIT,None,None,test_fsspec_integration,https://github.com/intake/intake/blob/master/intake/catalog/tests/test_local.py#L805,"        )     with mem.open(""/file.csv"", ""wt"") as f:         f.write(""a,b\n0,1"")"
intake/intake,intake/catalog/zarr.py,63,get_mapper,NOT_EXPLICIT,None,ZarrGroupCatalog,_load,https://github.com/intake/intake/blob/master/intake/catalog/zarr.py#L63,"                     store = get_mapper(self._urlpath, **self._storage_options)                 else:"
intake/intake,intake/config.py,26,make_path_posix,NOT_EXPLICIT,None,None,global,https://github.com/intake/intake/blob/master/intake/config.py#L26," confdir = make_path_posix(os.getenv(""INTAKE_CONF_DIR"", os.path.join(expanduser(""~""), "".intake""))) "
intake/intake,intake/config.py,44,make_path_posix,NOT_EXPLICIT,None,None,cfile,https://github.com/intake/intake/blob/master/intake/config.py#L44,"def cfile():     return make_path_posix(os.getenv(""INTAKE_CONF_FILE"", posixpath.join(confdir, ""conf.yaml""))) "
intake/intake,intake/conftest.py,42,make_path_posix,NOT_EXPLICIT,None,None,tmp_config_path,https://github.com/intake/intake/blob/master/intake/conftest.py#L42,"    original = os.getenv(key)     temp_config_path = make_path_posix(os.path.join(tmp_path, ""test_config.yml""))     os.environ[key] = temp_config_path"
intake/intake,intake/interface/catalog/add.py,55,fsspec.filesystem,NOT_EXPLICIT,None,FileSelector,__init__,https://github.com/intake/intake/blob/master/intake/interface/catalog/add.py#L55,"        self.done_callback = done_callback         self.fs = fsspec.filesystem(""file"")         super().__init__(**kwargs)"
intake/intake,intake/interface/catalog/add.py,94,fsspec.filesystem,NOT_EXPLICIT,None,FileSelector,go_clicked,https://github.com/intake/intake/blob/master/intake/interface/catalog/add.py#L94,"    def go_clicked(self, *_):         self.fs = fsspec.filesystem(             self.protocol.value, **ast.literal_eval(self.storage_options.value)         )         self.make_options()"
intake/intake,intake/interface/catalog/add.py,109,self.fs._parent,NOT_EXPLICIT,None,FileSelector,move_up,https://github.com/intake/intake/blob/master/intake/interface/catalog/add.py#L109,"    def move_up(self, arg=None):         self.path_text.value = self.fs._parent(self.path_text.value)         self.make_options()"
intake/intake,intake/interface/catalog/add.py,121,self.fs.ls,NOT_EXPLICIT,None,FileSelector,make_options,https://github.com/intake/intake/blob/master/intake/interface/catalog/add.py#L121,"        try:             for f in self.fs.ls(self.path, True):                 bn = os.path.basename(f[""name""].rstrip(""/""))"
intake/intake,intake/readers/catalogs.py,376,fsspec.open,NOT_EXPLICIT,None,STACIndex,_read,https://github.com/intake/intake/blob/master/intake/readers/catalogs.py#L376,"    def _read(self, *args, **kwargs):         with fsspec.open(""https://stacindex.org/api/catalogs"") as f:             data = json.load(f)"
intake/intake,intake/readers/datatypes.py,1927,fs.info,NOT_EXPLICIT,None,None,recommend,https://github.com/intake/intake/blob/master/intake/readers/datatypes.py#L1927,"            fs, url2 = fsspec.core.url_to_fs(url, **(storage_options or {}))             mime = mime or fs.info(url2, refresh=True).get(""ContentType"", None)         except (IOError, TypeError, AttributeError, ValueError):"
intake/intake,intake/readers/datatypes.py,1932,fs.cat_file,NOT_EXPLICIT,None,None,recommend,https://github.com/intake/intake/blob/master/intake/readers/datatypes.py#L1932,"            fs, url2 = fsspec.core.url_to_fs(url, **(storage_options or {}))             head = fs.cat_file(url2[0] if isinstance(url2, list) else url2, end=2**20)         except (IOError, IndexError, ValueError):"
intake/intake,intake/readers/datatypes.py,1989,fs.isdir,NOT_EXPLICIT,None,None,recommend,https://github.com/intake/intake/blob/master/intake/readers/datatypes.py#L1989,    if url:         if fs is not None and fs.isdir(url):             try:
intake/intake,intake/readers/datatypes.py,1991,fs.ls,NOT_EXPLICIT,None,None,recommend,https://github.com/intake/intake/blob/master/intake/readers/datatypes.py#L1991,"            try:                 allfiles = fs.ls(url, detail=False)             except IOError:"
intake/intake,intake/readers/entry.py,420,fsspec.open,NOT_EXPLICIT,None,Catalog,to_yaml_file,https://github.com/intake/intake/blob/master/intake/readers/entry.py#L420,"        # TODO: remove ['CATALOG_DIR', 'CATALOG_PATH', 'STORAGE_OPTIONS'] UPs?         with fsspec.open(path, mode=""wt"", **storage_options) as stream:             yaml.safe_dump(self.to_dict(), stream)"
intake/intake,intake/readers/entry.py,432,fsspec.open,NOT_EXPLICIT,None,Catalog,from_yaml_file,https://github.com/intake/intake/blob/master/intake/readers/entry.py#L432,"        storage_options = kwargs.pop(""storage_options"", kwargs)         of = fsspec.open(path, **storage_options)         with of as stream:"
intake/intake,intake/readers/entry.py,436,self.fs.unstrip_protocol,NOT_EXPLICIT,None,Catalog,from_yaml_file,https://github.com/intake/intake/blob/master/intake/readers/entry.py#L436,"        cat.user_parameters[""CATALOG_PATH""] = path         cat.user_parameters[""CATALOG_DIR""] = of.fs.unstrip_protocol(of.fs._parent(path))         cat.user_parameters[""STORAGE_OPTIONS""] = storage_options"
intake/intake,intake/readers/entry.py,436,self.fs._parent,NOT_EXPLICIT,None,Catalog,from_yaml_file,https://github.com/intake/intake/blob/master/intake/readers/entry.py#L436,"        cat.user_parameters[""CATALOG_PATH""] = path         cat.user_parameters[""CATALOG_DIR""] = of.fs.unstrip_protocol(of.fs._parent(path))         cat.user_parameters[""STORAGE_OPTIONS""] = storage_options"
intake/intake,intake/readers/inspect.py,681,fs.glob,NOT_EXPLICIT,None,None,_resolve_to_files,https://github.com/intake/intake/blob/master/intake/readers/inspect.py#L681,"            if any(c in path for c in (""*"", ""?"", ""["")):                 expanded = fs.glob(path)                 if not expanded:"
intake/intake,intake/readers/inspect.py,684,fs.info,NOT_EXPLICIT,None,None,_resolve_to_files,https://github.com/intake/intake/blob/master/intake/readers/inspect.py#L684,                    return []                 return [fs.info(p) for p in expanded] 
intake/intake,intake/readers/inspect.py,688,fs.info,NOT_EXPLICIT,None,None,_resolve_to_files,https://github.com/intake/intake/blob/master/intake/readers/inspect.py#L688,            try:                 entry = fs.info(path)             except FileNotFoundError:
intake/intake,intake/readers/inspect.py,699,fs.ls,NOT_EXPLICIT,None,None,_resolve_to_files,https://github.com/intake/intake/blob/master/intake/readers/inspect.py#L699,"                # List only immediate children that are files                 children = fs.ls(path.rstrip(""/""), detail=True)                 files = ["
intake/intake,intake/readers/output.py,125,fsspec.open,NOT_EXPLICIT,None,NumpyToNumpyFile,run,https://github.com/intake/intake/blob/master/intake/readers/output.py#L125,"        if storage_options or ""://"" in path or ""::"" in path:             with fsspec.open(path, **storage_options) as f:                 self._func(x, f)"
intake/intake,intake/readers/output.py,158,fsspec.open,NOT_EXPLICIT,None,MatplotlibToPNG,run,https://github.com/intake/intake/blob/master/intake/readers/output.py#L158,"    def run(self, x, url, metadata=None, storage_options=None, **kwargs):         with fsspec.open(url, mode=""wb"", **(storage_options or {})) as f:             x.savefig(f, format=""png"", **kwargs)"
intake/intake,intake/readers/output.py,293,fsspec.open,NOT_EXPLICIT,None,NumpyToPNG,run,https://github.com/intake/intake/blob/master/intake/readers/output.py#L293,"        img = Image.fromarray(x)         with fsspec.open(url, mode=""wb"", **(storage_options or {})) as f:             img.save(f, format=""PNG"", **kwargs)"
intake/intake,intake/readers/output.py,320,fsspec.open,NOT_EXPLICIT,None,NumpyToTIFF,run,https://github.com/intake/intake/blob/master/intake/readers/output.py#L320,"        if storage_options or ""://"" in url or ""::"" in url:             with fsspec.open(url, mode=""wb"", **(storage_options or {})) as f:                 tifffile.imwrite(f, x, **kwargs)"
intake/intake,intake/readers/output.py,337,fsspec.open,NOT_EXPLICIT,None,PILImageToPNG,run,https://github.com/intake/intake/blob/master/intake/readers/output.py#L337,"    def run(self, x, url, storage_options=None, metadata=None, **kwargs):         with fsspec.open(url, mode=""wb"", **(storage_options or {})) as f:             x.save(f, format=""PNG"", **kwargs)"
intake/intake,intake/readers/output.py,353,fsspec.open,NOT_EXPLICIT,None,PILImageToJPEG,run,https://github.com/intake/intake/blob/master/intake/readers/output.py#L353,"    def run(self, x, url, storage_options=None, metadata=None, quality=85, **kwargs):         with fsspec.open(url, mode=""wb"", **(storage_options or {})) as f:             x.save(f, format=""JPEG"", quality=quality, **kwargs)"
intake/intake,intake/readers/output.py,368,fsspec.open,NOT_EXPLICIT,None,PILImageToTIFF,run,https://github.com/intake/intake/blob/master/intake/readers/output.py#L368,"    def run(self, x, url, storage_options=None, metadata=None, **kwargs):         with fsspec.open(url, mode=""wb"", **(storage_options or {})) as f:             x.save(f, format=""TIFF"", **kwargs)"
intake/intake,intake/readers/output.py,402,fsspec.open,NOT_EXPLICIT,None,NumpyToWAV,run,https://github.com/intake/intake/blob/master/intake/readers/output.py#L402,"        if storage_options or ""://"" in url or ""::"" in url:             with fsspec.open(url, mode=""wb"", **(storage_options or {})) as f:                 sf.write(f, x, samplerate, **kwargs)"
intake/intake,intake/readers/readers.py,682,split_protocol,NOT_EXPLICIT,None,LlamaServerReader,_local_model_path,https://github.com/intake/intake/blob/master/intake/readers/readers.py#L682,"         protocol, _ = split_protocol(data.url)         if protocol is None:"
intake/intake,intake/readers/readers.py,695,fs._check_file,NOT_EXPLICIT,None,LlamaServerReader,_local_model_path,https://github.com/intake/intake/blob/master/intake/readers/readers.py#L695,         cached_fn = fs._check_file(path)         if cached_fn:
intake/intake,intake/readers/readers.py,699,fs._mapper,NOT_EXPLICIT,None,LlamaServerReader,_local_model_path,https://github.com/intake/intake/blob/master/intake/readers/readers.py#L699,"         sha = fs._mapper(path)         cached_fn = os.path.join(fs.storage[-1], sha)"
intake/intake,intake/readers/readers.py,702,self.fs.get_file,NOT_EXPLICIT,None,LlamaServerReader,_local_model_path,https://github.com/intake/intake/blob/master/intake/readers/readers.py#L702,"         fs.fs.get_file(path, cached_fn, callback=callback)         return cached_fn"
intake/intake,intake/readers/readers.py,736,fsspec.open_local,NOT_EXPLICIT,None,LlamaServerReader,_read,https://github.com/intake/intake/blob/master/intake/readers/readers.py#L736,"            if k == ""--system-prompt-file"":                 path = fsspec.open_local(f""simplecache::{v}"")                 cmd.extend([str(k), path])"
intake/intake,intake/readers/readers.py,923,fsspec.open,NOT_EXPLICIT,None,SKLearnModelReader,_read,https://github.com/intake/intake/blob/master/intake/readers/readers.py#L923,"    def _read(self, data, **kw):         with fsspec.open(data.url, **(data.storage_options or {})) as f:             return self._func(f)"
intake/intake,intake/readers/readers.py,993,fsspec.filesystem,NOT_EXPLICIT,None,HandleToUrlReader,_extract,https://github.com/intake/intake/blob/master/intake/readers/readers.py#L993,"    def _extract(cls, meta, base):         h = fsspec.filesystem(""http"")         if ""URL_ORIGINAL_DATA"" in meta:"
intake/intake,intake/readers/readers.py,1000,h.cat,NOT_EXPLICIT,None,HandleToUrlReader,_extract,https://github.com/intake/intake/blob/master/intake/readers/readers.py#L1000,"            ids = meta[""HAS_PARTS""][""value""].split("";"")             rr = h.cat([f""{base}/{u.lstrip('hdl:/')}"" for u in ids])             rr2 = [{i[""type""]: i[""data""] for i in json.loads(r)[""values""]} for r in rr.values()]"
intake/intake,intake/readers/readers.py,1006,fsspec.filesystem,NOT_EXPLICIT,None,HandleToUrlReader,_read,https://github.com/intake/intake/blob/master/intake/readers/readers.py#L1006,"    def _read(self, data, base=""https://hdl.handle.net/api/handles"", **kwargs):         h = fsspec.filesystem(""http"")         r = h.cat(f""{base}/{data.url.lstrip('hdl:/')}"")"
intake/intake,intake/readers/readers.py,1007,h.cat,NOT_EXPLICIT,None,HandleToUrlReader,_read,https://github.com/intake/intake/blob/master/intake/readers/readers.py#L1007,"        h = fsspec.filesystem(""http"")         r = h.cat(f""{base}/{data.url.lstrip('hdl:/')}"")         j = json.loads(r)"
intake/intake,intake/readers/readers.py,1044,fsspec.open,NOT_EXPLICIT,None,PandasHDF5,_read,https://github.com/intake/intake/blob/master/intake/readers/readers.py#L1044,"        if data.storage_options:  # or fsspec-like             with fsspec.open(data.url, ""rb"", **data.storage_options) as f:                 self._func(f, data.path, **kw)"
intake/intake,intake/readers/readers.py,1286,fsspec.open,NOT_EXPLICIT,None,PythonModule,_read,https://github.com/intake/intake/blob/master/intake/readers/readers.py#L1286,"            module_name = data.url.rsplit(""/"", 1)[-1].split(""."", 1)[0]         with fsspec.open(data.url, ""rt"", **(data.storage_options or {})) as f:             mod = ModuleType(module_name)"
intake/intake,intake/readers/readers.py,1318,fsspec.open,NOT_EXPLICIT,None,NumpyText,_read,https://github.com/intake/intake/blob/master/intake/readers/readers.py#L1318,"        if data.storage_options or ""://"" in data.url or ""::"" in data.url:             with fsspec.open(data.url, **(data.storage_options or {})) as f:                 return self._func(f, **kw)"
intake/intake,intake/readers/readers.py,1415,fsspec.open_local,NOT_EXPLICIT,None,XArrayDatasetReader,_read,https://github.com/intake/intake/blob/master/intake/readers/readers.py#L1415,"            elif open_local:                 ofs = fsspec.open_local(data.url, **(data.storage_options or {}))             elif (isinstance(data.url, str) and is_fsspec_url(data.url)) or is_fsspec_url("
intake/intake,intake/readers/readers.py,1419,fsspec.open_files,NOT_EXPLICIT,None,XArrayDatasetReader,_read,https://github.com/intake/intake/blob/master/intake/readers/readers.py#L1419,"            ):                 ofs0 = fsspec.open_files(data.url, **(data.storage_options or {}))                 ofs = [_.open() for _ in ofs0]"
intake/intake,intake/readers/readers.py,1433,fsspec.open_local,NOT_EXPLICIT,None,XArrayDatasetReader,_read,https://github.com/intake/intake/blob/master/intake/readers/readers.py#L1433,"                if open_local:                     f = fsspec.open_local(data.url, **(data.storage_options or {}))                     return open_dataset(f, **kw)"
intake/intake,intake/readers/readers.py,1436,fsspec.open,NOT_EXPLICIT,None,XArrayDatasetReader,_read,https://github.com/intake/intake/blob/master/intake/readers/readers.py#L1436,"                else:                     f = fsspec.open(data.url, **(data.storage_options or {})).open()                     return open_dataset(f, **kw)"
intake/intake,intake/readers/readers.py,1480,fsspec.get_fs_token_paths,NOT_EXPLICIT,None,XArrayPatternReader,_read,https://github.com/intake/intake/blob/master/intake/readers/readers.py#L1480,"            url = pattern_to_glob(data.url)             fs, _, paths = fsspec.get_fs_token_paths(url, **(data.storage_options or {}))             val_dict = reverse_formats(data.url, paths)"
intake/intake,intake/readers/readers.py,1513,fsspec.open_files,NOT_EXPLICIT,None,RasterIOXarrayReader,_read,https://github.com/intake/intake/blob/master/intake/readers/readers.py#L1513,"         ofs = fsspec.open_files(data.url, **(data.storage_options or {}))         opened = [open_rasterio(of.open(), **kwargs) for of in ofs]"
intake/intake,intake/readers/readers.py,1578,fsspec.open,NOT_EXPLICIT,None,GeoPandasReader,_read,https://github.com/intake/intake/blob/master/intake/readers/readers.py#L1578,"        if with_fsspec:             with fsspec.open(data.url, **(data.storage_options or {})) as f:                 return geopandas.read_file(f, **kwargs)"
intake/intake,intake/readers/readers.py,1600,fsspec.open,NOT_EXPLICIT,None,ScipyMatrixMarketReader,_read,https://github.com/intake/intake/blob/master/intake/readers/readers.py#L1600,"    def _read(self, data, **kw):         with fsspec.open(data.url, **data.storage_options) as f:             return self._func(f)"
intake/intake,intake/readers/readers.py,1612,fsspec.open,NOT_EXPLICIT,None,NibabelNiftiReader,_read,https://github.com/intake/intake/blob/master/intake/readers/readers.py#L1612,"    def _read(self, data, **kw):         with fsspec.open(data.url, **(data.storage_options or {})) as f:             return self._func(f, **kw)"
intake/intake,intake/readers/readers.py,1639,fsspec.open,NOT_EXPLICIT,None,ASDFReader,_read,https://github.com/intake/intake/blob/master/intake/readers/readers.py#L1639,"            # want the file to stay open, since array access is lazy by default             f = fsspec.open(data.url, **(data.storage_options or {})).open()             return self._func(f, **kw)"
intake/intake,intake/readers/readers.py,1653,fsspec.open,NOT_EXPLICIT,None,DicomReader,_read,https://github.com/intake/intake/blob/master/intake/readers/readers.py#L1653,"    def _read(self, data, **kw):         with fsspec.open(data.url, **(data.storage_options or {})) as f:             return self._func(f, **kw)"
intake/intake,intake/readers/readers.py,1683,fsspec.open,NOT_EXPLICIT,None,PMTileReader,_read,https://github.com/intake/intake/blob/master/intake/readers/readers.py#L1683,"        if ""://"" in data.url or ""::"" in data.url:             f = fsspec.open(data.url, **(data.storage_options or {})).open() "
intake/intake,intake/readers/readers.py,1889,fsspec.open,NOT_EXPLICIT,None,GeoPandasTabular,_read,https://github.com/intake/intake/blob/master/intake/readers/readers.py#L1889,"        if ""://"" in data.url or ""::"" in data.url:             f = fsspec.open(data.url, **(data.storage_options or {})).open()         else:"
intake/intake,intake/readers/readers.py,1971,fsspec.open,NOT_EXPLICIT,None,MessagePackReader,_read,https://github.com/intake/intake/blob/master/intake/readers/readers.py#L1971,"         with fsspec.open(data.url, ""rb"", **(data.storage_options or {})) as f:             return msgpack.unpack(f, **kwargs)"
intake/intake,intake/readers/readers.py,1998,fsspec.open,NOT_EXPLICIT,None,MarkdownReader,_read,https://github.com/intake/intake/blob/master/intake/readers/readers.py#L1998,"         with fsspec.open(data.url, ""r"", **(data.storage_options or {})) as f:             return f.read()"
intake/intake,intake/readers/readers.py,2005,fsspec.open,NOT_EXPLICIT,None,MarkdownReader,discover,https://github.com/intake/intake/blob/master/intake/readers/readers.py#L2005,"        data = self.kwargs.get(""data"") or (self.kwargs.get(""args"") or [None])[0]         with fsspec.open(data.url, ""rb"", **(data.storage_options or {})) as f:             raw = f.read(head_bytes)"
intake/intake,intake/readers/readers.py,2036,fsspec.open,NOT_EXPLICIT,None,TOMLReader,_read,https://github.com/intake/intake/blob/master/intake/readers/readers.py#L2036,"         with fsspec.open(data.url, ""rb"", **(data.storage_options or {})) as f:             return tomllib.load(f)"
intake/intake,intake/readers/readers.py,2081,fsspec.open,NOT_EXPLICIT,None,INIReader,_read,https://github.com/intake/intake/blob/master/intake/readers/readers.py#L2081,"        cfg = configparser.ConfigParser(**kwargs)         with fsspec.open(data.url, ""r"", **(data.storage_options or {})) as f:             cfg.read_file(f)"
intake/intake,intake/readers/readers.py,2113,fsspec.open,NOT_EXPLICIT,None,PDFTextReader,_read,https://github.com/intake/intake/blob/master/intake/readers/readers.py#L2113,"         with fsspec.open(data.url, ""rb"", **(data.storage_options or {})) as f:             return extract_text(f, **kwargs)"
intake/intake,intake/readers/readers.py,2251,fsspec.open,NOT_EXPLICIT,None,PILImageReader,_read,https://github.com/intake/intake/blob/master/intake/readers/readers.py#L2251,"         with fsspec.open(data.url, ""rb"", **(data.storage_options or {})) as f:             img = Image.open(f)"
intake/intake,intake/readers/readers.py,2468,fsspec.open,NOT_EXPLICIT,None,BioPythonFASTAReader,_read,https://github.com/intake/intake/blob/master/intake/readers/readers.py#L2468,"         with fsspec.open(data.url, ""r"", **(data.storage_options or {})) as f:             return list(SeqIO.parse(f, fmt))"
intake/intake,intake/readers/readers.py,2664,fsspec.open,NOT_EXPLICIT,None,GGUFMetadataReader,_read,https://github.com/intake/intake/blob/master/intake/readers/readers.py#L2664,"        MAGIC = b""GGUF""         with fsspec.open(data.url, ""rb"", **(data.storage_options or {})) as f:             header = f.read(24)"
intake/intake,intake/readers/readers.py,2751,fsspec.open,NOT_EXPLICIT,None,PMTilesMetadataReader,_read,https://github.com/intake/intake/blob/master/intake/readers/readers.py#L2751,"        MAGIC = b""PMTiles""         with fsspec.open(data.url, ""rb"", **(data.storage_options or {})) as f:             raw = f.read(127)"
intake/intake,intake/readers/readers.py,2847,fsspec.open,NOT_EXPLICIT,None,OSMPBFMetadataReader,_read,https://github.com/intake/intake/blob/master/intake/readers/readers.py#L2847,"         with fsspec.open(data.url, ""rb"", **(data.storage_options or {})) as f:             # BlobHeader: 4-byte big-endian length, then protobuf BlobHeader"
intake/intake,intake/readers/readers.py,2980,fsspec.open,NOT_EXPLICIT,None,SKLearnModelMetadataReader,_read,https://github.com/intake/intake/blob/master/intake/readers/readers.py#L2980,"         with fsspec.open(data.url, ""rb"", **(data.storage_options or {})) as f:             model = pickle.load(f)"
intake/intake,intake/readers/readers.py,3073,fsspec.open,NOT_EXPLICIT,None,TorchModelMetadataReader,_read,https://github.com/intake/intake/blob/master/intake/readers/readers.py#L3073,"        result: dict = {}         with fsspec.open(data.url, ""rb"", **(data.storage_options or {})) as raw_f:             with zipfile.ZipFile(raw_f) as zf:"
intake/intake,intake/readers/readers.py,3135,fsspec.open,NOT_EXPLICIT,None,JoblibMetadataReader,_read,https://github.com/intake/intake/blob/master/intake/readers/readers.py#L3135,"         with fsspec.open(data.url, ""rb"", **(data.storage_options or {})) as f:             obj = joblib.load(f)"
intake/intake,intake/readers/readers.py,3513,fsspec.open_local,NOT_EXPLICIT,None,None,_as_local,https://github.com/intake/intake/blob/master/intake/readers/readers.py#L3513,"    if data.storage_options or ""://"" in url or ""::"" in url:         return fsspec.open_local(             f""simplecache::{url}"", **{""simplecache"": {}, **(data.storage_options or {})}         )     return url"
intake/intake,intake/readers/search.py,126,fsspec.open,NOT_EXPLICIT,None,EnvironmentSatisfied,_is_consistent,https://github.com/intake/intake/blob/master/intake/readers/search.py#L126,"            if ""dependencies:"" not in env:                 with fsspec.open(env, ""rt"") as f:                     env = f.read()"
intake/intake,intake/readers/tests/test_workflows.py,15,fsspec.filesystem,NOT_EXPLICIT,None,None,dataframe_file,https://github.com/intake/intake/blob/master/intake/readers/tests/test_workflows.py#L15,"def dataframe_file():     m = fsspec.filesystem(""memory"")     m.pipe(""/data"", bindata)"
intake/intake,intake/readers/tests/test_workflows.py,16,m.pipe,NOT_EXPLICIT,None,None,dataframe_file,https://github.com/intake/intake/blob/master/intake/readers/tests/test_workflows.py#L16,"    m = fsspec.filesystem(""memory"")     m.pipe(""/data"", bindata)     return ""memory://data"""
intake/intake,intake/source/jsonfiles.py,52,compressions.values,NOT_EXPLICIT,None,JSONFileSource,__init__,https://github.com/intake/intake/blob/master/intake/source/jsonfiles.py#L52,"         VALID_COMPRESSIONS = list(compressions.values()) + [""infer""] "
intake/intake,intake/source/jsonfiles.py,74,fsspec.open,NOT_EXPLICIT,None,JSONFileSource,read,https://github.com/intake/intake/blob/master/intake/source/jsonfiles.py#L74,"        urlpath = self._get_cache(self._urlpath)[0]         with fsspec.open(             urlpath,             mode=self.mode,             encoding=self.encoding,             compression=self.compression,             **self._storage_options,         ) as f:             return json.load(f)"
intake/intake,intake/source/jsonfiles.py,132,compressions.values,NOT_EXPLICIT,None,JSONLinesFileSource,__init__,https://github.com/intake/intake/blob/master/intake/source/jsonfiles.py#L132,"         VALID_COMPRESSIONS = list(compressions.values()) + [""infer""] "
intake/intake,intake/source/jsonfiles.py,157,fsspec.open,NOT_EXPLICIT,None,JSONLinesFileSource,_open,https://github.com/intake/intake/blob/master/intake/source/jsonfiles.py#L157,"        urlpath = self._get_cache(self._urlpath)[0]         with fsspec.open(             urlpath,             mode=self.mode,             encoding=self.encoding,             compression=self.compression,             **self._storage_options,         ) as f:             yield f"
intake/intake,intake/source/tests/test_json.py,19,compressions.items,NOT_EXPLICIT,None,None,global,https://github.com/intake/intake/blob/master/intake/source/tests/test_json.py#L19," EXTENSIONS = {compression: f"".{extension}"" for extension, compression in compressions.items()} "
intake/intake,intake/source/tests/test_json.py,27,open_files,NOT_EXPLICIT,None,None,json_file,https://github.com/intake/intake/blob/master/intake/source/tests/test_json.py#L27,"    file_path += EXTENSIONS.get(request.param, """")     with open_files([file_path], mode=""wt"", compression=request.param)[0] as f:         f.write(json.dumps(data))"
intake/intake,intake/source/tests/test_json.py,37,open_files,NOT_EXPLICIT,None,None,jsonl_file,https://github.com/intake/intake/blob/master/intake/source/tests/test_json.py#L37,"    file_path += EXTENSIONS.get(request.param, """")     with open_files([file_path], mode=""wt"", compression=request.param)[0] as f:         f.write(""\n"".join(json.dumps(row) for row in data))"
intake/intake,intake/source/tests/test_text.py,40,open_files,NOT_EXPLICIT,None,None,test_complex_text,https://github.com/intake/intake/blob/master/intake/source/tests/test_text.py#L40,"        fn = os.path.join(tempdir, f)         with open_files([fn], mode=""wt"", compression=comp)[0] as fo:             if read:"
intake/intake,intake/source/tests/test_text.py,74,open_files,NOT_EXPLICIT,None,None,test_complex_bytes,https://github.com/intake/intake/blob/master/intake/source/tests/test_text.py#L74,"        fn = os.path.join(tempdir, f)         with open_files([fn], mode=""wb"", compression=comp)[0] as fo:             if read:"
intake/intake,intake/source/utils.py,119,make_path_posix,NOT_EXPLICIT,None,None,reverse_format,https://github.com/intake/intake/blob/master/intake/source/utils.py#L119,    # ensure that format_string is in posix format     format_string = make_path_posix(format_string) 
intake/intake,intake/source/utils.py,131,make_path_posix,NOT_EXPLICIT,None,None,reverse_format,https://github.com/intake/intake/blob/master/intake/source/utils.py#L131,    # ensure that resolved string is in posix format     resolved_string = make_path_posix(resolved_string) 
pandas-dev/pandas,pandas/io/common.py,452,fsspec.open,NOT_EXPLICIT,None,None,_get_filepath_or_buffer,https://github.com/pandas-dev/pandas/blob/main/pandas/io/common.py#L452,"        try:             open_file = fsspec.open(                 filepath_or_buffer, mode=fsspec_mode, **(storage_options or {})             )             file_obj = open_file.open()"
pandas-dev/pandas,pandas/io/common.py,464,fsspec.open,NOT_EXPLICIT,None,None,_get_filepath_or_buffer,https://github.com/pandas-dev/pandas/blob/main/pandas/io/common.py#L464,"                storage_options[""anon""] = True             open_file = fsspec.open(                 filepath_or_buffer, mode=fsspec_mode, **(storage_options or {})             )             file_obj = open_file.open()"
pandas-dev/pandas,pandas/io/parquet.py,347,fsspec.open,NOT_EXPLICIT,None,FastParquetImpl,write,https://github.com/pandas-dev/pandas/blob/main/pandas/io/parquet.py#L347,"            # if filesystem is provided by fsspec, file must be opened in 'wb' mode.             kwargs[""open_with""] = lambda path, _: fsspec.open(                 path, ""wb"", **(storage_options or {})             ).open()         elif storage_options:"
pandas-dev/pandas,pandas/io/parquet.py,397,fsspec.open,NOT_EXPLICIT,None,FastParquetImpl,read,https://github.com/pandas-dev/pandas/blob/main/pandas/io/parquet.py#L397,"             parquet_kwargs[""fs""] = fsspec.open(path, ""rb"", **(storage_options or {})).fs         elif isinstance(path, str) and not os.path.isdir(path):"
pandas-dev/pandas,pandas/tests/io/test_common.py,91,fsspec.open,NOT_EXPLICIT,None,TestCommonIOCapabilities,test_stringify_file_and_path_like,https://github.com/pandas-dev/pandas/blob/main/pandas/tests/io/test_common.py#L91,"        fsspec = pytest.importorskip(""fsspec"")         with fsspec.open(f""file://{temp_file}"", mode=""wb"") as fsspec_obj:             assert fsspec_obj == icom.stringify_path(fsspec_obj)"
pandas-dev/pandas,pandas/tests/io/test_fsspec.py,47,register_implementation,NOT_EXPLICIT,None,None,fsspectest,https://github.com/pandas-dev/pandas/blob/main/pandas/tests/io/test_fsspec.py#L47,"     register_implementation(""testmem"", TestMemoryFS, clobber=True)     yield TestMemoryFS()"
pandas-dev/pandas,pandas/tests/io/test_fsspec.py,49,registry.pop,NOT_EXPLICIT,None,None,fsspectest,https://github.com/pandas-dev/pandas/blob/main/pandas/tests/io/test_fsspec.py#L49,"    yield TestMemoryFS()     registry.pop(""testmem"", None)     TestMemoryFS.test[0] = None"
pandas-dev/pandas,pandas/tests/io/test_fsspec.py,70,fsspec.filesystem,NOT_EXPLICIT,None,None,cleared_fs,https://github.com/pandas-dev/pandas/blob/main/pandas/tests/io/test_fsspec.py#L70,"     memfs = fsspec.filesystem(""memory"")     yield memfs"
pandas-dev/pandas,pandas/tests/io/test_fsspec.py,133,fsspec.open,NOT_EXPLICIT,None,None,test_to_csv_fsspec_object,https://github.com/pandas-dev/pandas/blob/main/pandas/tests/io/test_fsspec.py#L133,"    mode = ""wb"" if binary_mode else ""w""     with fsspec.open(path, mode=mode).open() as fsspec_object:         df1.to_csv(fsspec_object, index=True)"
pandas-dev/pandas,pandas/tests/io/test_fsspec.py,138,fsspec.open,NOT_EXPLICIT,None,None,test_to_csv_fsspec_object,https://github.com/pandas-dev/pandas/blob/main/pandas/tests/io/test_fsspec.py#L138,"    mode = mode.replace(""w"", ""r"")     with fsspec.open(path, mode=mode) as fsspec_object:         df2 = read_csv("
pandas-dev/pandas,pandas/tests/io/test_gcs.py,50,fsspec.register_implementation,NOT_EXPLICIT,None,None,gcs_buffer,https://github.com/pandas-dev/pandas/blob/main/pandas/tests/io/test_gcs.py#L50,"    # Overwrites the default implementation from gcsfs to our mock class     fsspec.register_implementation(""gs"", MockGCSFileSystem, clobber=True) "
pandas-dev/pandas,pandas/tests/io/test_http_headers.py,76,fsspec.open,NOT_EXPLICIT,None,None,parquetfastparquet_responder,https://github.com/pandas-dev/pandas/blob/main/pandas/tests/io/test_http_headers.py#L76,"    )     with fsspec.open(""memory://fastparquet_user_agent.parquet"", ""rb"") as f:         return f.read()"
pandas-dev/pandas,pandas/tests/io/xml/test_to_xml.py,1353,fs.ls,NOT_EXPLICIT,None,None,test_s3_permission_output,https://github.com/pandas-dev/pandas/blob/main/pandas/tests/io/xml/test_to_xml.py#L1353,        fs = s3fs.S3FileSystem(anon=True)         fs.ls(s3_bucket_public.name) 
pydata/xarray,xarray/backends/common.py,174,fs.glob,NOT_EXPLICIT,None,None,_find_absolute_paths,https://github.com/pydata/xarray/blob/main/xarray/backends/common.py#L174,            )             tmp_paths = fs.glob(fs._strip_protocol(paths))  # finds directories             return [fs.get_mapper(path) for path in tmp_paths]
pydata/xarray,xarray/backends/common.py,174,fs._strip_protocol,NOT_EXPLICIT,None,None,_find_absolute_paths,https://github.com/pydata/xarray/blob/main/xarray/backends/common.py#L174,            )             tmp_paths = fs.glob(fs._strip_protocol(paths))  # finds directories             return [fs.get_mapper(path) for path in tmp_paths]
pydata/xarray,xarray/backends/common.py,175,fs.get_mapper,NOT_EXPLICIT,None,None,_find_absolute_paths,https://github.com/pydata/xarray/blob/main/xarray/backends/common.py#L175,            tmp_paths = fs.glob(fs._strip_protocol(paths))  # finds directories             return [fs.get_mapper(path) for path in tmp_paths]         elif is_remote_uri(paths):
pydata/xarray,xarray/backends/common.py,221,fsspec.get_fs_token_paths,NOT_EXPLICIT,None,None,_open_remote_file,https://github.com/pydata/xarray/blob/main/xarray/backends/common.py#L221,"     fs, _, paths = fsspec.get_fs_token_paths(         file, mode=mode, storage_options=storage_options     ) "
pydata/xarray,xarray/backends/common.py,227,fs.open,NOT_EXPLICIT,None,None,_open_remote_file,https://github.com/pydata/xarray/blob/main/xarray/backends/common.py#L227,"     return fs.open(paths[0], mode=mode, **open_kwargs) "
pydata/xarray,xarray/tests/test_backends.py,5114,fsspec.open,NOT_EXPLICIT,None,TestH5NetCDFFileObject,test_fsspec,https://github.com/pydata/xarray/blob/main/xarray/tests/test_backends.py#L5114,"             with fsspec.open(tmp_file, ""rb"") as f:                 with open_dataset(f, engine=""h5netcdf"") as actual:"
pydata/xarray,xarray/tests/test_backends.py,6866,fsspec.filesystem,NOT_EXPLICIT,None,None,test_source_encoding_always_present_with_fsspec,https://github.com/pydata/xarray/blob/main/xarray/tests/test_backends.py#L6866,"         fs = fsspec.filesystem(""file"")         with fs.open(tmp) as f, open_dataset(f) as ds:"
pydata/xarray,xarray/tests/test_backends.py,6867,fs.open,NOT_EXPLICIT,None,None,test_source_encoding_always_present_with_fsspec,https://github.com/pydata/xarray/blob/main/xarray/tests/test_backends.py#L6867,"        fs = fsspec.filesystem(""file"")         with fs.open(tmp) as f, open_dataset(f) as ds:             assert ds.encoding[""source""] == tmp"
pydata/xarray,xarray/tests/test_backends.py,6869,fs.open,NOT_EXPLICIT,None,None,test_source_encoding_always_present_with_fsspec,https://github.com/pydata/xarray/blob/main/xarray/tests/test_backends.py#L6869,"            assert ds.encoding[""source""] == tmp         with fs.open(tmp) as f, open_mfdataset([f]) as ds:             assert ""foo"" in ds"
pydata/xarray,xarray/tests/test_backends.py,7146,fsspec.filesystem,NOT_EXPLICIT,None,None,test_open_fsspec,https://github.com/pydata/xarray/blob/main/xarray/tests/test_backends.py#L7146,"     m = fsspec.filesystem(""memory"")     mm = m.get_mapper(""out1.zarr"")"
pydata/xarray,xarray/tests/test_backends.py,7147,m.get_mapper,NOT_EXPLICIT,None,None,test_open_fsspec,https://github.com/pydata/xarray/blob/main/xarray/tests/test_backends.py#L7147,"    m = fsspec.filesystem(""memory"")     mm = m.get_mapper(""out1.zarr"")     ds.to_zarr(mm)  # old interface"
pydata/xarray,xarray/tests/test_backends.py,7153,m.get_mapper,NOT_EXPLICIT,None,None,test_open_fsspec,https://github.com/pydata/xarray/blob/main/xarray/tests/test_backends.py#L7153,"    ds0[""time""] = ds.time + np.timedelta64(1, ""D"")     mm = m.get_mapper(""out2.zarr"")     ds0.to_zarr(mm)  # old interface"
zarr-developers/zarr-python,tests/test_store/test_fsspec.py,154,url_to_fs,NOT_EXPLICIT,None,TestFsspecStoreS3,store_kwargs,https://github.com/zarr-developers/zarr-python/blob/main/tests/test_store/test_fsspec.py#L154,"            from fsspec.core import url_to_fs         fs, path = url_to_fs(             f""s3://{test_bucket_name}"", endpoint_url=endpoint_url, anon=False, asynchronous=True         )         return {""fs"": fs, ""path"": path}"
zarr-developers/zarr-python,tests/test_store/test_fsspec.py,165,fsspec.filesystem,NOT_EXPLICIT,None,TestFsspecStoreS3,get,https://github.com/zarr-developers/zarr-python/blob/main/tests/test_store/test_fsspec.py#L165,"        #  make a new, synchronous instance of the filesystem because this test is run in sync code         new_fs = fsspec.filesystem(             ""s3"", endpoint_url=store.fs.endpoint_url, anon=store.fs.anon, asynchronous=False         )         return self.buffer_cls.from_bytes(new_fs.cat(f""{store.path}/{key}""))"
zarr-developers/zarr-python,tests/test_store/test_fsspec.py,168,new_fs.cat,NOT_EXPLICIT,None,TestFsspecStoreS3,get,https://github.com/zarr-developers/zarr-python/blob/main/tests/test_store/test_fsspec.py#L168,"        )         return self.buffer_cls.from_bytes(new_fs.cat(f""{store.path}/{key}"")) "
zarr-developers/zarr-python,tests/test_store/test_fsspec.py,172,fsspec.filesystem,NOT_EXPLICIT,None,TestFsspecStoreS3,set,https://github.com/zarr-developers/zarr-python/blob/main/tests/test_store/test_fsspec.py#L172,"        #  make a new, synchronous instance of the filesystem because this test is run in sync code         new_fs = fsspec.filesystem(             ""s3"", endpoint_url=store.fs.endpoint_url, anon=store.fs.anon, asynchronous=False         )         new_fs.write_bytes(f""{store.path}/{key}"", value.to_bytes())"
zarr-developers/zarr-python,tests/test_store/test_fsspec.py,175,new_fs.write_bytes,NOT_EXPLICIT,None,TestFsspecStoreS3,set,https://github.com/zarr-developers/zarr-python/blob/main/tests/test_store/test_fsspec.py#L175,"        )         new_fs.write_bytes(f""{store.path}/{key}"", value.to_bytes()) "
zarr-developers/zarr-python,tests/test_store/test_fsspec.py,258,url_to_fs,NOT_EXPLICIT,None,TestFsspecStoreS3,test_init_warns_if_fs_asynchronous_is_false,https://github.com/zarr-developers/zarr-python/blob/main/tests/test_store/test_fsspec.py#L258,"            from fsspec.core import url_to_fs         fs, path = url_to_fs(             f""s3://{test_bucket_name}"", endpoint_url=endpoint_url, anon=False, asynchronous=False         )         store_kwargs = {""fs"": fs, ""path"": path}"
zarr-developers/zarr-python,tests/test_store/test_fsspec.py,361,ReferenceFileSystem,NOT_EXPLICIT,None,None,test_fsspec_store_open_group_via_reference_filesystem,https://github.com/zarr-developers/zarr-python/blob/main/tests/test_store/test_fsspec.py#L361,"    group_json = json.dumps({""zarr_format"": 3, ""node_type"": ""group"", ""attributes"": {}})     fs = ReferenceFileSystem(         fo={""version"": 1, ""refs"": {""zarr.json"": group_json}},         asynchronous=True,     )     store = FsspecStore(fs=fs, path=""/"", read_only=True)"
zarr-developers/zarr-python,tests/test_store/test_fsspec.py,410,ReferenceFileSystem,NOT_EXPLICIT,None,None,test_fsspec_store_read_array_chunk_via_reference_filesystem,https://github.com/zarr-developers/zarr-python/blob/main/tests/test_store/test_fsspec.py#L410,"     fs = ReferenceFileSystem(         fo={""version"": 1, ""refs"": refs},         asynchronous=True,     )     store = FsspecStore(fs=fs, path=""/"", read_only=True)"
zarr-developers/zarr-python,tests/test_store/test_fsspec.py,470,fsspec.filesystem,NOT_EXPLICIT,None,None,test_open_fsmap_file,https://github.com/zarr-developers/zarr-python/blob/main/tests/test_store/test_fsspec.py#L470,"     fs = fsspec.filesystem(""file"", auto_mkdir=True)     mapper = fs.get_mapper(tmp_path)"
zarr-developers/zarr-python,tests/test_store/test_fsspec.py,471,fs.get_mapper,NOT_EXPLICIT,None,None,test_open_fsmap_file,https://github.com/zarr-developers/zarr-python/blob/main/tests/test_store/test_fsspec.py#L471,"    fs = fsspec.filesystem(""file"", auto_mkdir=True)     mapper = fs.get_mapper(tmp_path) "
zarr-developers/zarr-python,tests/test_store/test_fsspec.py,491,fsspec.LocalFileSystem,NOT_EXPLICIT,None,None,test_open_fsmap_file_raises,https://github.com/zarr-developers/zarr-python/blob/main/tests/test_store/test_fsspec.py#L491,"    fsspec = pytest.importorskip(""fsspec.implementations.local"")     fs = fsspec.LocalFileSystem(auto_mkdir=False)     mapper = fs.get_mapper(tmp_path)"
zarr-developers/zarr-python,tests/test_store/test_fsspec.py,492,fs.get_mapper,NOT_EXPLICIT,None,None,test_open_fsmap_file_raises,https://github.com/zarr-developers/zarr-python/blob/main/tests/test_store/test_fsspec.py#L492,"    fs = fsspec.LocalFileSystem(auto_mkdir=False)     mapper = fs.get_mapper(tmp_path)     with pytest.raises(FileNotFoundError, match=""No such file or directory: .*""):"
zarr-developers/zarr-python,tests/test_store/test_fsspec.py,533,self.fs.set_session,NOT_EXPLICIT,None,None,test_close_does_not_close_filesystem_session,https://github.com/zarr-developers/zarr-python/blob/main/tests/test_store/test_fsspec.py#L533,"    store = FsspecStore.from_url(""http://example.com/a"")     session = await store.fs.set_session() "
zarr-developers/zarr-python,tests/test_store/test_fsspec.py,550,self.fs.set_session,NOT_EXPLICIT,None,None,test_close_does_not_break_a_sibling_store,https://github.com/zarr-developers/zarr-python/blob/main/tests/test_store/test_fsspec.py#L550,"    s2 = FsspecStore.from_url(""http://example.com/b"")     session = await s2.fs.set_session() "
zarr-developers/zarr-python,tests/test_store/test_fsspec.py,566,_fsspec.filesystem,NOT_EXPLICIT,None,None,test_from_mapper_wraps_sync_filesystem,https://github.com/zarr-developers/zarr-python/blob/main/tests/test_store/test_fsspec.py#L566,"     fs = _fsspec.filesystem(""file"", auto_mkdir=True)     mapper = fs.get_mapper(str(tmp_path))"
zarr-developers/zarr-python,tests/test_store/test_fsspec.py,567,fs.get_mapper,NOT_EXPLICIT,None,None,test_from_mapper_wraps_sync_filesystem,https://github.com/zarr-developers/zarr-python/blob/main/tests/test_store/test_fsspec.py#L567,"    fs = _fsspec.filesystem(""file"", auto_mkdir=True)     mapper = fs.get_mapper(str(tmp_path))     store = FsspecStore.from_mapper(mapper)"
zarr-developers/zarr-python,tests/test_store/test_fsspec.py,604,AsyncFileSystemWrapper,NOT_EXPLICIT,None,None,test_delete_dir_wrapped_filesystem,https://github.com/zarr-developers/zarr-python/blob/main/tests/test_store/test_fsspec.py#L604,"     wrapped_fs = AsyncFileSystemWrapper(LocalFileSystem(auto_mkdir=True))     store = FsspecStore(wrapped_fs, read_only=False, path=f""{tmp_path}/test/path"")"
zarr-developers/zarr-python,tests/test_store/test_fsspec.py,604,LocalFileSystem,NOT_EXPLICIT,None,None,test_delete_dir_wrapped_filesystem,https://github.com/zarr-developers/zarr-python/blob/main/tests/test_store/test_fsspec.py#L604,"     wrapped_fs = AsyncFileSystemWrapper(LocalFileSystem(auto_mkdir=True))     store = FsspecStore(wrapped_fs, read_only=False, path=f""{tmp_path}/test/path"")"
zarr-developers/zarr-python,tests/test_store/test_fsspec_get_ranges.py,35,MemoryFileSystem,NOT_EXPLICIT,None,None,memory_store,https://github.com/zarr-developers/zarr-python/blob/main/tests/test_store/test_fsspec_get_ranges.py#L35,    # so clear state explicitly.     fs: MemoryFileSystem = MemoryFileSystem()     fs.store.clear()
iterative/dvc,dvc/api/artifacts.py,53,self.fs.join,NOT_EXPLICIT,None,None,artifacts_show,https://github.com/iterative/dvc/blob/main/dvc/api/artifacts.py#L53,"            root = _repo.fs.root_marker             _dirname = _repo.fs.join(root, dirname) if dirname else root             with Repo(_dirname, fs=_repo.fs, scm=_repo.scm) as r:"
iterative/dvc,dvc/api/artifacts.py,56,self.fs.join,NOT_EXPLICIT,None,None,artifacts_show,https://github.com/iterative/dvc/blob/main/dvc/api/artifacts.py#L56,"                path = r.artifacts.get_path(name)                 path = _repo.fs.join(_repo.fs.root_marker, as_posix(path))                 parts = _repo.fs.relparts(path, _repo.root_dir)"
iterative/dvc,dvc/api/artifacts.py,57,self.fs.relparts,NOT_EXPLICIT,None,None,artifacts_show,https://github.com/iterative/dvc/blob/main/dvc/api/artifacts.py#L57,"                path = _repo.fs.join(_repo.fs.root_marker, as_posix(path))                 parts = _repo.fs.relparts(path, _repo.root_dir)                 return {""rev"": rev, ""path"": os.path.join(*parts)}"
iterative/dvc,dvc/api/data.py,294,fs.from_os_path,NOT_EXPLICIT,None,None,_open,https://github.com/iterative/dvc/blob/main/dvc/api/data.py#L294,"                fs = DVCFileSystem(repo=_repo, subrepos=True)                 fs_path = fs.from_os_path(path) "
iterative/dvc,dvc/api/data.py,297,fs.open,NOT_EXPLICIT,None,None,_open,https://github.com/iterative/dvc/blob/main/dvc/api/data.py#L297,"            try:                 with fs.open(fs_path, mode=mode, encoding=encoding) as fobj:                     yield fobj"
iterative/dvc,dvc/commands/dag.py,89,self.fs.parts,NOT_EXPLICIT,None,None,_collect_targets,https://github.com/iterative/dvc/blob/main/dvc/commands/dag.py#L89,         for out in outs_trie.itervalues(prefix=repo.fs.parts(path)):             targets.extend(str(out))
iterative/dvc,dvc/commands/dataset.py,66,self.fs.relpath,NOT_EXPLICIT,None,CmdDatasetAdd,run,https://github.com/iterative/dvc/blob/main/dvc/commands/dataset.py#L66,            if not self.args.force and existing:                 path = self.repo.fs.relpath(existing.manifest_path)                 raise DvcException(
iterative/dvc,dvc/config.py,99,self.fs.abspath,NOT_EXPLICIT,None,Config,__init__,https://github.com/iterative/dvc/blob/main/dvc/config.py#L99,        if dvc_dir:             self.dvc_dir = self.fs.abspath(dvc_dir) 
iterative/dvc,dvc/config.py,140,self.fs.join,NOT_EXPLICIT,None,Config,files,https://github.com/iterative/dvc/blob/main/dvc/config.py#L140,"        if self.dvc_dir is not None:             files[""repo""] = self.fs.join(self.dvc_dir, self.CONFIG) "
iterative/dvc,dvc/config.py,211,fs.open,NOT_EXPLICIT,None,Config,load_file,https://github.com/iterative/dvc/blob/main/dvc/config.py#L211,         with fs.open(path) as fobj:             try:
iterative/dvc,dvc/config.py,238,fs.makedirs,NOT_EXPLICIT,None,Config,_save_config,https://github.com/iterative/dvc/blob/main/dvc/config.py#L238,         fs.makedirs(os.path.dirname(filename)) 
iterative/dvc,dvc/config.py,241,fs.open,NOT_EXPLICIT,None,Config,_save_config,https://github.com/iterative/dvc/blob/main/dvc/config.py#L241,"        config = ConfigObj(_pack_named(conf_dict))         with fs.open(filename, ""wb"") as fobj:             config.write(fobj)"
iterative/dvc,dvc/data_cloud.py,39,self.fs.join,NOT_EXPLICIT,None,Remote,odb,https://github.com/iterative/dvc/blob/main/dvc/data_cloud.py#L39,"        if self.worktree:             path = self.fs.join(path, "".dvc"", CacheManager.FILES_DIR, DEFAULT_ALGORITHM)         else:"
iterative/dvc,dvc/data_cloud.py,41,self.fs.join,NOT_EXPLICIT,None,Remote,odb,https://github.com/iterative/dvc/blob/main/dvc/data_cloud.py#L41,"        else:             path = self.fs.join(path, CacheManager.FILES_DIR, DEFAULT_ALGORITHM)         return get_odb(self.fs, path, hash_name=DEFAULT_ALGORITHM, **self.config)"
iterative/dvc,dvc/data_cloud.py,214,self.fs.unstrip_protocol,NOT_EXPLICIT,None,DataCloud,_push,https://github.com/iterative/dvc/blob/main/dvc/data_cloud.py#L214,"        with TqdmCallback(             desc=f""Pushing to {odb.fs.unstrip_protocol(odb.path)}"",             unit=""file"","
iterative/dvc,dvc/data_cloud.py,275,self.fs.unstrip_protocol,NOT_EXPLICIT,None,DataCloud,_pull,https://github.com/iterative/dvc/blob/main/dvc/data_cloud.py#L275,"        with TqdmCallback(             desc=f""Fetching from {odb.fs.unstrip_protocol(odb.path)}"",             unit=""file"","
iterative/dvc,dvc/data_cloud.py,355,self.fs.unstrip_protocol,NOT_EXPLICIT,None,DataCloud,get_url_for,https://github.com/iterative/dvc/blob/main/dvc/data_cloud.py#L355,        path = odb.oid_to_path(checksum)         return odb.fs.unstrip_protocol(path)
iterative/dvc,dvc/dependency/base.py,34,self.fs.version_path,NOT_EXPLICIT,None,Dependency,workspace_status,https://github.com/iterative/dvc/blob/main/dvc/dependency/base.py#L34,"            try:                 self.fs_path = self.fs.version_path(self.fs_path, None)                 if self.changed_meta():"
iterative/dvc,dvc/dependency/base.py,43,self.fs.version_path,NOT_EXPLICIT,None,Dependency,update,https://github.com/iterative/dvc/blob/main/dvc/dependency/base.py#L43,"        if self.fs.version_aware:             self.fs_path = self.fs.version_path(self.fs_path, rev)             self.meta = self.get_meta()"
iterative/dvc,dvc/dependency/base.py,45,self.fs.version_path,NOT_EXPLICIT,None,Dependency,update,https://github.com/iterative/dvc/blob/main/dvc/dependency/base.py#L45,"            self.meta = self.get_meta()             self.fs_path = self.fs.version_path(self.fs_path, self.meta.version_id) "
iterative/dvc,dvc/dependency/base.py,53,self.fs.version_path,NOT_EXPLICIT,None,Dependency,save,https://github.com/iterative/dvc/blob/main/dvc/dependency/base.py#L53,"        if self.fs.version_aware:             self.fs_path = self.fs.version_path(self.fs_path, self.meta.version_id) "
iterative/dvc,dvc/dependency/repo.py,40,self.fs.normpath,NOT_EXPLICIT,None,RepoDependency,__init__,https://github.com/iterative/dvc/blob/main/dvc/dependency/repo.py#L40,        self.fs = self._make_fs()         self.fs_path = as_posix(self.fs.normpath(self.def_path)) 
iterative/dvc,dvc/dependency/repo.py,106,self.fs.info,NOT_EXPLICIT,None,RepoDependency,download,https://github.com/iterative/dvc/blob/main/dvc/dependency/repo.py#L106,"            try:                 info = maybe_info or self.fs.info(src_path)                 hash_info = info[""dvc_info""][""entry""].hash_info"
iterative/dvc,dvc/dependency/repo.py,108,self.fs.info,NOT_EXPLICIT,None,RepoDependency,download,https://github.com/iterative/dvc/blob/main/dvc/dependency/repo.py#L108,"                hash_info = info[""dvc_info""][""entry""].hash_info                 dest_info = to.fs.info(dest_path)             except (KeyError, AttributeError):"
iterative/dvc,dvc/dvcfile.py,108,self.fs.exists,NOT_EXPLICIT,None,FileMixin,exists,https://github.com/iterative/dvc/blob/main/dvc/dvcfile.py#L108,        is_ignored = self.repo.dvcignore.is_ignored_file(self.path)         return self.repo.fs.exists(self.path) and not is_ignored 
iterative/dvc,dvc/dvcfile.py,136,self.fs.isfile,NOT_EXPLICIT,None,FileMixin,_load,https://github.com/iterative/dvc/blob/main/dvc/dvcfile.py#L136,        self._verify_filename()         if not self.repo.fs.isfile(self.path):             raise StageFileIsNotDvcFileError(self.path)
iterative/dvc,dvc/dvcfile.py,333,self.fs.parent,NOT_EXPLICIT,None,ProjectFile,resolver,https://github.com/iterative/dvc/blob/main/dvc/dvcfile.py#L333,"         wdir = self.repo.fs.parent(self.path)         return DataResolver(self.repo, wdir, self.contents)"
iterative/dvc,dvc/fs/__init__.py,56,fs.name,NOT_EXPLICIT,None,None,download,https://github.com/iterative/dvc/blob/main/dvc/fs/__init__.py#L56,"     with TqdmCallback(desc=f""Downloading {fs.name(fs_path)}"", unit=""files"") as cb:         if isinstance(fs, DVCFileSystem):"
iterative/dvc,dvc/fs/__init__.py,62,fs.isdir,NOT_EXPLICIT,None,None,download,https://github.com/iterative/dvc/blob/main/dvc/fs/__init__.py#L62,"                    f""{fs.normpath(glob.escape(fs_path))}/**""                     if fs.isdir(fs_path)                     else glob.escape(fs_path)"
iterative/dvc,dvc/fs/__init__.py,61,fs.normpath,NOT_EXPLICIT,None,None,download,https://github.com/iterative/dvc/blob/main/dvc/fs/__init__.py#L61,"                [                     f""{fs.normpath(glob.escape(fs_path))}/**""                     if fs.isdir(fs_path)"
iterative/dvc,dvc/fs/__init__.py,67,fs._get,NOT_EXPLICIT,None,None,download,https://github.com/iterative/dvc/blob/main/dvc/fs/__init__.py#L67,"            if not glob.has_magic(fs_path):                 return fs._get(fs_path, to, batch_size=jobs, callback=cb) "
iterative/dvc,dvc/fs/__init__.py,71,fs.isdir,NOT_EXPLICIT,None,None,download,https://github.com/iterative/dvc/blob/main/dvc/fs/__init__.py#L71,        # download atomic and avoids fsspec glob/regex path expansion.         if fs.isdir(fs_path):             from_infos = [
iterative/dvc,dvc/fs/__init__.py,73,fs.find,NOT_EXPLICIT,None,None,download,https://github.com/iterative/dvc/blob/main/dvc/fs/__init__.py#L73,            from_infos = [                 path for path in fs.find(fs_path) if not path.endswith(fs.flavour.sep)             ]
iterative/dvc,dvc/fs/__init__.py,79,fs.relparts,NOT_EXPLICIT,None,None,download,https://github.com/iterative/dvc/blob/main/dvc/fs/__init__.py#L79,"            to_infos = [                 localfs.join(to, *fs.relparts(info, fs_path)) for info in from_infos             ]"
iterative/dvc,dvc/fs/data.py,31,self.fs.getcwd,NOT_EXPLICIT,None,DataFileSystem,getcwd,https://github.com/iterative/dvc/blob/main/dvc/fs/data.py#L31,    def getcwd(self):         return self.fs.getcwd() 
iterative/dvc,dvc/fs/data.py,34,self.fs.isdvc,NOT_EXPLICIT,None,DataFileSystem,isdvc,https://github.com/iterative/dvc/blob/main/dvc/fs/data.py#L34,"    def isdvc(self, path, **kwargs):         return self.fs.isdvc(path, **kwargs) "
iterative/dvc,dvc/fs/dvc.py,165,self.fs.isin,NOT_EXPLICIT,None,_DVCFileSystem,getcwd,https://github.com/iterative/dvc/blob/main/dvc/fs/dvc.py#L165,"        assert self.repo is not None         if self.repo.fs.isin(self.repo.fs.getcwd(), self.repo.root_dir):             relparts = self.repo.fs.relparts(self.repo.fs.getcwd(), self.repo.root_dir)"
iterative/dvc,dvc/fs/dvc.py,165,self.fs.getcwd,NOT_EXPLICIT,None,_DVCFileSystem,getcwd,https://github.com/iterative/dvc/blob/main/dvc/fs/dvc.py#L165,"        assert self.repo is not None         if self.repo.fs.isin(self.repo.fs.getcwd(), self.repo.root_dir):             relparts = self.repo.fs.relparts(self.repo.fs.getcwd(), self.repo.root_dir)"
iterative/dvc,dvc/fs/dvc.py,166,self.fs.relparts,NOT_EXPLICIT,None,_DVCFileSystem,getcwd,https://github.com/iterative/dvc/blob/main/dvc/fs/dvc.py#L166,"        if self.repo.fs.isin(self.repo.fs.getcwd(), self.repo.root_dir):             relparts = self.repo.fs.relparts(self.repo.fs.getcwd(), self.repo.root_dir)         return self.root_marker + self.sep.join(relparts)"
iterative/dvc,dvc/fs/dvc.py,166,self.fs.getcwd,NOT_EXPLICIT,None,_DVCFileSystem,getcwd,https://github.com/iterative/dvc/blob/main/dvc/fs/dvc.py#L166,"        if self.repo.fs.isin(self.repo.fs.getcwd(), self.repo.root_dir):             relparts = self.repo.fs.relparts(self.repo.fs.getcwd(), self.repo.root_dir)         return self.root_marker + self.sep.join(relparts)"
iterative/dvc,dvc/fs/dvc.py,237,tokenize,NOT_EXPLICIT,None,_DVCFileSystem,fsid,https://github.com/iterative/dvc/blob/main/dvc/fs/dvc.py#L237,"         return ""dvcfs_"" + tokenize(             self.repo.url or self.repo.root_dir,             self.repo.get_rev() if not isinstance(self.repo.scm, NoSCM) else None,         ) "
iterative/dvc,dvc/fs/dvc.py,244,self.fs.relparts,NOT_EXPLICIT,None,_DVCFileSystem,_get_key,https://github.com/iterative/dvc/blob/main/dvc/fs/dvc.py#L244,"        path = os.fspath(path)         parts = self.repo.fs.relparts(path, self.repo.root_dir)         if parts == (os.curdir,):"
iterative/dvc,dvc/fs/dvc.py,268,self.fs.join,NOT_EXPLICIT,None,_DVCFileSystem,_from_key,https://github.com/iterative/dvc/blob/main/dvc/fs/dvc.py#L268,"    def _from_key(self, parts: Key) -> str:         return self.repo.fs.join(self.repo.root_dir, *parts) "
iterative/dvc,dvc/fs/dvc.py,334,self.fs.join,NOT_EXPLICIT,None,_DVCFileSystem,_is_dvc_repo,https://github.com/iterative/dvc/blob/main/dvc/fs/dvc.py#L334,"         repo_path = self.repo.fs.join(dir_path, Repo.DVC_DIR)         return self.repo.fs.isdir(repo_path)"
iterative/dvc,dvc/fs/dvc.py,335,self.fs.isdir,NOT_EXPLICIT,None,_DVCFileSystem,_is_dvc_repo,https://github.com/iterative/dvc/blob/main/dvc/fs/dvc.py#L335,"        repo_path = self.repo.fs.join(dir_path, Repo.DVC_DIR)         return self.repo.fs.isdir(repo_path) "
iterative/dvc,dvc/fs/dvc.py,362,self.fs.open,NOT_EXPLICIT,None,_DVCFileSystem,_open,https://github.com/iterative/dvc/blob/main/dvc/fs/dvc.py#L362,"        try:             return self.repo.fs.open(fs_path, mode=mode)         except FileNotFoundError:"
iterative/dvc,dvc/fs/dvc.py,401,fs.info,NOT_EXPLICIT,None,_DVCFileSystem,ls,https://github.com/iterative/dvc/blob/main/dvc/fs/dvc.py#L401,"            try:                 fs_info = fs.info(fs_path)                 if fs_info[""type""] == ""file"":"
iterative/dvc,dvc/fs/dvc.py,408,fs.name,NOT_EXPLICIT,None,_DVCFileSystem,ls,https://github.com/iterative/dvc/blob/main/dvc/fs/dvc.py#L408,"                    ):                         fs_infos[fs.name(info[""name""])] = info             except (FileNotFoundError, NotADirectoryError):"
iterative/dvc,dvc/fs/dvc.py,465,fs.info,NOT_EXPLICIT,None,_DVCFileSystem,_info,https://github.com/iterative/dvc/blob/main/dvc/fs/dvc.py#L465,        try:             fs_info = fs.info(fs_path)             if check_ignored and repo.dvcignore.is_ignored(
iterative/dvc,dvc/fs/dvc.py,477,fs.parents,NOT_EXPLICIT,None,_DVCFileSystem,_info,https://github.com/iterative/dvc/blob/main/dvc/fs/dvc.py#L477,        if dvc_info and not fs_info:             for parent in fs.parents(fs_path):                 try:
iterative/dvc,dvc/fs/dvc.py,479,fs.info,NOT_EXPLICIT,None,_DVCFileSystem,_info,https://github.com/iterative/dvc/blob/main/dvc/fs/dvc.py#L479,"                try:                     if fs.info(parent)[""type""] != ""directory"":                         dvc_info = None"
iterative/dvc,dvc/fs/dvc.py,591,fs.get_file,NOT_EXPLICIT,None,_DVCFileSystem,get_file,https://github.com/iterative/dvc/blob/main/dvc/fs/dvc.py#L591,"            with callback.branched(src, dest) as child:                 fs.get_file(src, dest, callback=child, **kw) "
iterative/dvc,dvc/fs/dvc.py,615,self.fs.get_file,NOT_EXPLICIT,None,_DVCFileSystem,get_file,https://github.com/iterative/dvc/blob/main/dvc/fs/dvc.py#L615,"        try:             return self.repo.fs.get_file(fs_path, lpath, **kwargs)         except FileNotFoundError:"
iterative/dvc,dvc/fs/dvc.py,688,self.fs.getcwd,NOT_EXPLICIT,None,DVCFileSystem,getcwd,https://github.com/iterative/dvc/blob/main/dvc/fs/dvc.py#L688,    def getcwd(self):         return self.fs.getcwd() 
iterative/dvc,dvc/fs/dvc.py,702,self.fs._get,NOT_EXPLICIT,None,DVCFileSystem,_get,https://github.com/iterative/dvc/blob/main/dvc/fs/dvc.py#L702,"        recursive = not (isinstance(from_info, list) and isinstance(to_info, list))         return self.fs._get(             from_info,             to_info,             callback=callback,             recursive=recursive,             batch_size=batch_size,             **kwargs,         ) "
iterative/dvc,dvc/fs/dvc.py,734,self.fs.isdvc,NOT_EXPLICIT,None,DVCFileSystem,isdvc,https://github.com/iterative/dvc/blob/main/dvc/fs/dvc.py#L734,"    def isdvc(self, path, **kwargs) -> bool:         return self.fs.isdvc(path, **kwargs) "
iterative/dvc,dvc/fs/dvc.py,753,self.fs.close,NOT_EXPLICIT,None,DVCFileSystem,close,https://github.com/iterative/dvc/blob/main/dvc/fs/dvc.py#L753,"        if ""fs"" in self.__dict__:             self.fs.close()"
iterative/dvc,dvc/fs/git.py,48,self.fs.getcwd,NOT_EXPLICIT,None,GitFileSystem,getcwd,https://github.com/iterative/dvc/blob/main/dvc/fs/git.py#L48,    def getcwd(self):         return self.fs.getcwd() 
iterative/dvc,dvc/fs/git.py,51,self.fs.chdir,NOT_EXPLICIT,None,GitFileSystem,chdir,https://github.com/iterative/dvc/blob/main/dvc/fs/git.py#L51,"    def chdir(self, path):         self.fs.chdir(path) "
iterative/dvc,dvc/fs/git.py,58,self.fs.ls,NOT_EXPLICIT,None,GitFileSystem,ls,https://github.com/iterative/dvc/blob/main/dvc/fs/git.py#L58,"    def ls(self, path, detail=True, **kwargs):         return self.fs.ls(path, detail=detail, **kwargs) or []"
iterative/dvc,dvc/ignore.py,115,fs.isabs,NOT_EXPLICIT,None,DvcIgnorePatterns,from_file,https://github.com/iterative/dvc/blob/main/dvc/ignore.py#L115,"    def from_file(cls, path: str, fs: ""FileSystem"", name: str) -> ""Self"":         assert fs.isabs(path)         dirname = fs.normpath(fs.dirname(path))"
iterative/dvc,dvc/ignore.py,116,fs.normpath,NOT_EXPLICIT,None,DvcIgnorePatterns,from_file,https://github.com/iterative/dvc/blob/main/dvc/ignore.py#L116,"        assert fs.isabs(path)         dirname = fs.normpath(fs.dirname(path))         with fs.open(path, encoding=""utf-8"") as fobj:"
iterative/dvc,dvc/ignore.py,116,fs.dirname,NOT_EXPLICIT,None,DvcIgnorePatterns,from_file,https://github.com/iterative/dvc/blob/main/dvc/ignore.py#L116,"        assert fs.isabs(path)         dirname = fs.normpath(fs.dirname(path))         with fs.open(path, encoding=""utf-8"") as fobj:"
iterative/dvc,dvc/ignore.py,117,fs.open,NOT_EXPLICIT,None,DvcIgnorePatterns,from_file,https://github.com/iterative/dvc/blob/main/dvc/ignore.py#L117,"        dirname = fs.normpath(fs.dirname(path))         with fs.open(path, encoding=""utf-8"") as fobj:             path_spec_lines = ["
iterative/dvc,dvc/ignore.py,300,self.fs.relparts,NOT_EXPLICIT,None,DvcIgnoreFilter,_get_key,https://github.com/iterative/dvc/blob/main/dvc/ignore.py#L300,"    def _get_key(self, path: str) -> tuple[str, ...]:         parts = self.fs.relparts(path, self.root_dir)         if parts == (os.curdir,):"
iterative/dvc,dvc/ignore.py,310,self.fs.join,NOT_EXPLICIT,None,DvcIgnoreFilter,_update_trie,https://github.com/iterative/dvc/blob/main/dvc/ignore.py#L310,"         path = self.fs.join(dirname, DvcIgnore.DVCIGNORE_FILE)         if not matches and self.fs.exists(path):"
iterative/dvc,dvc/ignore.py,311,self.fs.exists,NOT_EXPLICIT,None,DvcIgnoreFilter,_update_trie,https://github.com/iterative/dvc/blob/main/dvc/ignore.py#L311,"        path = self.fs.join(dirname, DvcIgnore.DVCIGNORE_FILE)         if not matches and self.fs.exists(path):             name = self.fs.relpath(path, self.root_dir)"
iterative/dvc,dvc/ignore.py,312,self.fs.relpath,NOT_EXPLICIT,None,DvcIgnoreFilter,_update_trie,https://github.com/iterative/dvc/blob/main/dvc/ignore.py#L312,"        if not matches and self.fs.exists(path):             name = self.fs.relpath(path, self.root_dir)             new_pattern = DvcIgnorePatterns.from_file(path, self.fs, name)"
iterative/dvc,dvc/ignore.py,340,self.fs.walk,NOT_EXPLICIT,None,DvcIgnoreFilter,_update,https://github.com/iterative/dvc/blob/main/dvc/ignore.py#L340,"                try:                     _, dnames, _ = next(self.fs.walk(dirname))                 except StopIteration:"
iterative/dvc,dvc/ignore.py,345,self.fs.join,NOT_EXPLICIT,None,DvcIgnoreFilter,_update,https://github.com/iterative/dvc/blob/main/dvc/ignore.py#L345,"            for dname in dnames:                 self._update_sub_repo(self.fs.join(dirname, dname), ignore_trie) "
iterative/dvc,dvc/ignore.py,353,self.fs.join,NOT_EXPLICIT,None,DvcIgnoreFilter,_update_sub_repo,https://github.com/iterative/dvc/blob/main/dvc/ignore.py#L353,"         dvc_dir = self.fs.join(path, Repo.DVC_DIR)         if not self.fs.exists(dvc_dir):"
iterative/dvc,dvc/ignore.py,354,self.fs.exists,NOT_EXPLICIT,None,DvcIgnoreFilter,_update_sub_repo,https://github.com/iterative/dvc/blob/main/dvc/ignore.py#L354,"        dvc_dir = self.fs.join(path, Repo.DVC_DIR)         if not self.fs.exists(dvc_dir):             return"
iterative/dvc,dvc/ignore.py,357,self.fs.split,NOT_EXPLICIT,None,DvcIgnoreFilter,_update_sub_repo,https://github.com/iterative/dvc/blob/main/dvc/ignore.py#L357,"         root, dname = self.fs.split(path)         key = self._get_key(root)"
iterative/dvc,dvc/ignore.py,377,self.fs.abspath,NOT_EXPLICIT,None,DvcIgnoreFilter,__call__,https://github.com/iterative/dvc/blob/main/dvc/ignore.py#L377,"    ) -> tuple[list[str], list[str]]:         abs_root = self.fs.abspath(root)         ignore_pattern = self._get_trie_pattern("
iterative/dvc,dvc/ignore.py,407,fs.ls,NOT_EXPLICIT,None,DvcIgnoreFilter,ls,https://github.com/iterative/dvc/blob/main/dvc/ignore.py#L407,"         for entry in fs.ls(path, detail=True, **kwargs):             name = fs.name(entry[""name""])"
iterative/dvc,dvc/ignore.py,408,fs.name,NOT_EXPLICIT,None,DvcIgnoreFilter,ls,https://github.com/iterative/dvc/blob/main/dvc/ignore.py#L408,"        for entry in fs.ls(path, detail=True, **kwargs):             name = fs.name(entry[""name""])             fs_dict[name] = entry"
iterative/dvc,dvc/ignore.py,433,fs.walk,NOT_EXPLICIT,None,DvcIgnoreFilter,walk,https://github.com/iterative/dvc/blob/main/dvc/ignore.py#L433,"        if fs.protocol == Schemes.LOCAL:             for root, dirs, files in fs.walk(path, **kwargs):                 if detail:"
iterative/dvc,dvc/ignore.py,451,fs.walk,NOT_EXPLICIT,None,DvcIgnoreFilter,walk,https://github.com/iterative/dvc/blob/main/dvc/ignore.py#L451,"        else:             yield from fs.walk(path, **kwargs) "
iterative/dvc,dvc/ignore.py,460,fs.find,NOT_EXPLICIT,None,DvcIgnoreFilter,find,https://github.com/iterative/dvc/blob/main/dvc/ignore.py#L460,        else:             yield from fs.find(path) 
iterative/dvc,dvc/ignore.py,470,self.fs.isin_or_eq,NOT_EXPLICIT,None,DvcIgnoreFilter,_get_trie_pattern,https://github.com/iterative/dvc/blob/main/dvc/ignore.py#L470,"         if not self.fs.isin_or_eq(dirname, self.root_dir):             # outside of the repo"
iterative/dvc,dvc/ignore.py,481,self.fs.join,NOT_EXPLICIT,None,DvcIgnoreFilter,_get_trie_pattern,https://github.com/iterative/dvc/blob/main/dvc/ignore.py#L481,"        prefix_key = ignores_trie.longest_prefix(key).key or ()         prefix = self.fs.join(self.root_dir, *prefix_key) "
iterative/dvc,dvc/ignore.py,502,self.fs.split,NOT_EXPLICIT,None,DvcIgnoreFilter,_is_ignored,https://github.com/iterative/dvc/blob/main/dvc/ignore.py#L502,"            return False         dirname, basename = self.fs.split(self.fs.normpath(path))         ignore_pattern = self._get_trie_pattern(dirname, None, ignore_subrepos)"
iterative/dvc,dvc/ignore.py,502,self.fs.normpath,NOT_EXPLICIT,None,DvcIgnoreFilter,_is_ignored,https://github.com/iterative/dvc/blob/main/dvc/ignore.py#L502,"            return False         dirname, basename = self.fs.split(self.fs.normpath(path))         ignore_pattern = self._get_trie_pattern(dirname, None, ignore_subrepos)"
iterative/dvc,dvc/ignore.py,510,self.fs.abspath,NOT_EXPLICIT,None,DvcIgnoreFilter,is_ignored_dir,https://github.com/iterative/dvc/blob/main/dvc/ignore.py#L510,        # only used in LocalFileSystem         path = self.fs.abspath(path)         if path == self.root_dir:
iterative/dvc,dvc/ignore.py,518,self.fs.abspath,NOT_EXPLICIT,None,DvcIgnoreFilter,is_ignored_file,https://github.com/iterative/dvc/blob/main/dvc/ignore.py#L518,"        # only used in LocalFileSystem         path = self.fs.abspath(path)         return self._is_ignored(path, False, ignore_subrepos=ignore_subrepos)"
iterative/dvc,dvc/ignore.py,522,self.fs.isin_or_eq,NOT_EXPLICIT,None,DvcIgnoreFilter,_outside_repo,https://github.com/iterative/dvc/blob/main/dvc/ignore.py#L522,"    def _outside_repo(self, path: str) -> bool:         return not self.fs.isin_or_eq(path, self.root_dir) "
iterative/dvc,dvc/ignore.py,527,self.fs.abspath,NOT_EXPLICIT,None,DvcIgnoreFilter,check_ignore,https://github.com/iterative/dvc/blob/main/dvc/ignore.py#L527,        # https://github.com/treeverse/dvc/issues/5046         full_target = self.fs.abspath(target)         matched_patterns: list[PatternInfo] = []
iterative/dvc,dvc/ignore.py,531,self.fs.split,NOT_EXPLICIT,None,DvcIgnoreFilter,check_ignore,https://github.com/iterative/dvc/blob/main/dvc/ignore.py#L531,"        if not self._outside_repo(full_target):             dirname, basename = self.fs.split(self.fs.normpath(full_target))             pattern = self._get_trie_pattern(dirname)"
iterative/dvc,dvc/ignore.py,531,self.fs.normpath,NOT_EXPLICIT,None,DvcIgnoreFilter,check_ignore,https://github.com/iterative/dvc/blob/main/dvc/ignore.py#L531,"        if not self._outside_repo(full_target):             dirname, basename = self.fs.split(self.fs.normpath(full_target))             pattern = self._get_trie_pattern(dirname)"
iterative/dvc,dvc/ignore.py,535,self.fs.isdir,NOT_EXPLICIT,None,DvcIgnoreFilter,check_ignore,https://github.com/iterative/dvc/blob/main/dvc/ignore.py#L535,"                ignore, matched_patterns = pattern.matches(                     dirname, basename, self.fs.isdir(full_target), details=True                 )"
iterative/dvc,dvc/ignore.py,546,fs.isfile,NOT_EXPLICIT,None,DvcIgnoreFilter,is_ignored,https://github.com/iterative/dvc/blob/main/dvc/ignore.py#L546,"            return False         if fs.isfile(path):             return self.is_ignored_file(path, ignore_subrepos)"
iterative/dvc,dvc/ignore.py,548,fs.isdir,NOT_EXPLICIT,None,DvcIgnoreFilter,is_ignored,https://github.com/iterative/dvc/blob/main/dvc/ignore.py#L548,"            return self.is_ignored_file(path, ignore_subrepos)         if fs.isdir(path):             return self.is_ignored_dir(path, ignore_subrepos)"
iterative/dvc,dvc/output.py,367,self.fs.isabs,NOT_EXPLICIT,None,Output,__init__,https://github.com/iterative/dvc/blob/main/dvc/output.py#L367,"            and self.fs.protocol == ""local""             and not self.fs.isabs(self.def_path)         ):"
iterative/dvc,dvc/output.py,399,self.fs.coalesce_version,NOT_EXPLICIT,None,Output,__init__,https://github.com/iterative/dvc/blob/main/dvc/output.py#L399,"        if self.fs.version_aware:             _, version_id = self.fs.coalesce_version(                 self.def_path, self.meta.version_id             )             self.meta.version_id = version_id"
iterative/dvc,dvc/output.py,448,fs.isabs,NOT_EXPLICIT,None,Output,_parse_path,https://github.com/iterative/dvc/blob/main/dvc/output.py#L448,            and self.stage.repo.fs == fs             and not fs.isabs(fs_path)         ):
iterative/dvc,dvc/output.py,456,fs.join,NOT_EXPLICIT,None,Output,_parse_path,https://github.com/iterative/dvc/blob/main/dvc/output.py#L456,"            # then we have #2059 bug and can't really handle that.             fs_path = fs.join(self.stage.wdir, fs_path) "
iterative/dvc,dvc/output.py,458,fs.abspath,NOT_EXPLICIT,None,Output,_parse_path,https://github.com/iterative/dvc/blob/main/dvc/output.py#L458,         return fs.abspath(fs.normpath(fs_path)) 
iterative/dvc,dvc/output.py,458,fs.normpath,NOT_EXPLICIT,None,Output,_parse_path,https://github.com/iterative/dvc/blob/main/dvc/output.py#L458,         return fs.abspath(fs.normpath(fs_path)) 
iterative/dvc,dvc/output.py,474,self.fs.isin,NOT_EXPLICIT,None,Output,__str__,https://github.com/iterative/dvc/blob/main/dvc/output.py#L474,"         if not self.fs.isin(self.fs_path, self.repo.root_dir):             return self.fs_path"
iterative/dvc,dvc/output.py,477,self.fs.getcwd,NOT_EXPLICIT,None,Output,__str__,https://github.com/iterative/dvc/blob/main/dvc/output.py#L477,"         cur_dir = self.fs.getcwd()         if self.fs.isin(cur_dir, self.repo.root_dir):"
iterative/dvc,dvc/output.py,478,self.fs.isin,NOT_EXPLICIT,None,Output,__str__,https://github.com/iterative/dvc/blob/main/dvc/output.py#L478,"        cur_dir = self.fs.getcwd()         if self.fs.isin(cur_dir, self.repo.root_dir):             return self.fs.relpath(self.fs_path, cur_dir)"
iterative/dvc,dvc/output.py,479,self.fs.relpath,NOT_EXPLICIT,None,Output,__str__,https://github.com/iterative/dvc/blob/main/dvc/output.py#L479,"        if self.fs.isin(cur_dir, self.repo.root_dir):             return self.fs.relpath(self.fs_path, cur_dir) "
iterative/dvc,dvc/output.py,481,self.fs.relpath,NOT_EXPLICIT,None,Output,__str__,https://github.com/iterative/dvc/blob/main/dvc/output.py#L481,"         return self.fs.relpath(self.fs_path, self.repo.root_dir) "
iterative/dvc,dvc/output.py,498,self.fs.isabs,NOT_EXPLICIT,None,Output,is_in_repo,https://github.com/iterative/dvc/blob/main/dvc/output.py#L498,         if self.fs.isabs(self.def_path):             return False
iterative/dvc,dvc/output.py,501,self.fs.isin,NOT_EXPLICIT,None,Output,is_in_repo,https://github.com/iterative/dvc/blob/main/dvc/output.py#L501,"         return self.repo and self.fs.isin(self.fs_path, self.repo.root_dir) "
iterative/dvc,dvc/output.py,530,self.fs.unstrip_protocol,NOT_EXPLICIT,None,Output,cache_path,https://github.com/iterative/dvc/blob/main/dvc/output.py#L530,    def cache_path(self):         return self.cache.fs.unstrip_protocol(             self.cache.oid_to_path(self.hash_info.value)         ) 
iterative/dvc,dvc/output.py,585,self.fs.exists,NOT_EXPLICIT,None,Output,exists,https://github.com/iterative/dvc/blob/main/dvc/output.py#L585,         return self.fs.exists(self.fs_path) 
iterative/dvc,dvc/output.py,592,self.fs.relparts,NOT_EXPLICIT,None,Output,index_key,https://github.com/iterative/dvc/blob/main/dvc/output.py#L592,"            assert self.repo             key = self.repo.fs.relparts(self.fs_path, self.repo.root_dir)         else:"
iterative/dvc,dvc/output.py,596,self.fs.parts,NOT_EXPLICIT,None,Output,index_key,https://github.com/iterative/dvc/blob/main/dvc/output.py#L596,"            no_drive = self.fs.flavour.splitdrive(self.fs_path)[1]             key = self.fs.parts(no_drive)[1:]         return workspace, key"
iterative/dvc,dvc/output.py,653,self.fs.is_empty,NOT_EXPLICIT,None,Output,is_empty,https://github.com/iterative/dvc/blob/main/dvc/output.py#L653,    def is_empty(self) -> bool:         return self.fs.is_empty(self.fs_path) 
iterative/dvc,dvc/output.py,658,self.fs.isdir,NOT_EXPLICIT,None,Output,isdir,https://github.com/iterative/dvc/blob/main/dvc/output.py#L658,            return False         return self.fs.isdir(self.fs_path) 
iterative/dvc,dvc/output.py,663,self.fs.isfile,NOT_EXPLICIT,None,Output,isfile,https://github.com/iterative/dvc/blob/main/dvc/output.py#L663,            return False         return self.fs.isfile(self.fs_path) 
iterative/dvc,dvc/output.py,787,self.fs.relpath,NOT_EXPLICIT,None,Output,commit,https://github.com/iterative/dvc/blob/main/dvc/output.py#L787,"                assert self.repo                 rel = self.fs.relpath(filter_info or self.fs_path)                 with CheckoutCallback(desc=f""Checking out {rel}"", unit=""files"") as cb:"
iterative/dvc,dvc/output.py,803,self.fs.parts,NOT_EXPLICIT,None,Output,_commit_granular_dir,https://github.com/iterative/dvc/blob/main/dvc/output.py#L803,"    def _commit_granular_dir(self, filter_info, hardlink) -> Optional[""HashFile""]:         prefix = self.fs.parts(self.fs.relpath(filter_info, self.fs_path))         staging, _, obj = self._build("
iterative/dvc,dvc/output.py,803,self.fs.relpath,NOT_EXPLICIT,None,Output,_commit_granular_dir,https://github.com/iterative/dvc/blob/main/dvc/output.py#L803,"    def _commit_granular_dir(self, filter_info, hardlink) -> Optional[""HashFile""]:         prefix = self.fs.parts(self.fs.relpath(filter_info, self.fs_path))         staging, _, obj = self._build("
iterative/dvc,dvc/output.py,844,self.fs.as_posix,NOT_EXPLICIT,None,Output,dumpd,https://github.com/iterative/dvc/blob/main/dvc/output.py#L844,"        if self.is_in_repo:             path = self.fs.as_posix(relpath(self.fs_path, self.stage.wdir))         else:"
iterative/dvc,dvc/output.py,990,self.fs.remove,NOT_EXPLICIT,None,Output,remove,https://github.com/iterative/dvc/blob/main/dvc/output.py#L990,"        try:             self.fs.remove(self.fs_path, recursive=True)         except FileNotFoundError:"
iterative/dvc,dvc/output.py,1002,self.fs.move,NOT_EXPLICIT,None,Output,move,https://github.com/iterative/dvc/blob/main/dvc/output.py#L1002,"        if src_exists:             self.fs.move(self.fs_path, out.fs_path)         else:"
iterative/dvc,dvc/output.py,1049,self.fs.unstrip_protocol,NOT_EXPLICIT,None,Output,transfer,https://github.com/iterative/dvc/blob/main/dvc/output.py#L1049,"        with TqdmCallback(             desc=f""Transferring to {odb.fs.unstrip_protocol(odb.path)}"",             unit=""file"","
iterative/dvc,dvc/output.py,1144,self.fs.parts,NOT_EXPLICIT,None,Output,_collect_used_dir_cache,https://github.com/iterative/dvc/blob/main/dvc/output.py#L1144,"            assert obj             prefix = self.fs.parts(self.fs.relpath(filter_info, self.fs_path))             return obj.filter(prefix)"
iterative/dvc,dvc/output.py,1144,self.fs.relpath,NOT_EXPLICIT,None,Output,_collect_used_dir_cache,https://github.com/iterative/dvc/blob/main/dvc/output.py#L1144,"            assert obj             prefix = self.fs.parts(self.fs.relpath(filter_info, self.fs_path))             return obj.filter(prefix)"
iterative/dvc,dvc/output.py,1286,self.fs.parts,NOT_EXPLICIT,None,Output,unstage,https://github.com/iterative/dvc/blob/main/dvc/output.py#L1286,"         rel_key = tuple(self.fs.parts(self.fs.relpath(path, self.fs_path))) "
iterative/dvc,dvc/output.py,1286,self.fs.relpath,NOT_EXPLICIT,None,Output,unstage,https://github.com/iterative/dvc/blob/main/dvc/output.py#L1286,"         rel_key = tuple(self.fs.parts(self.fs.relpath(path, self.fs_path))) "
iterative/dvc,dvc/output.py,1320,self.fs.parts,NOT_EXPLICIT,None,Output,apply,https://github.com/iterative/dvc/blob/main/dvc/output.py#L1320,"        append_only = True         rel_key = tuple(self.fs.parts(self.fs.relpath(path, self.fs_path))) "
iterative/dvc,dvc/output.py,1320,self.fs.relpath,NOT_EXPLICIT,None,Output,apply,https://github.com/iterative/dvc/blob/main/dvc/output.py#L1320,"        append_only = True         rel_key = tuple(self.fs.parts(self.fs.relpath(path, self.fs_path))) "
iterative/dvc,dvc/parsing/__init__.py,143,fs.relpath,NOT_EXPLICIT,None,DataResolver,__init__,https://github.com/iterative/dvc/blob/main/dvc/parsing/__init__.py#L143,"        if os.path.isabs(wdir):             wdir = fs.relpath(wdir)             wdir = """" if wdir == os.curdir else wdir"
iterative/dvc,dvc/parsing/__init__.py,147,fs.normpath,NOT_EXPLICIT,None,DataResolver,__init__,https://github.com/iterative/dvc/blob/main/dvc/parsing/__init__.py#L147,"        self.wdir = wdir         self.relpath = fs.normpath(fs.join(self.wdir, ""dvc.yaml"")) "
iterative/dvc,dvc/parsing/__init__.py,147,fs.join,NOT_EXPLICIT,None,DataResolver,__init__,https://github.com/iterative/dvc/blob/main/dvc/parsing/__init__.py#L147,"        self.wdir = wdir         self.relpath = fs.normpath(fs.join(self.wdir, ""dvc.yaml"")) "
iterative/dvc,dvc/parsing/__init__.py,290,self.fs.join,NOT_EXPLICIT,None,EntryDefinition,_resolve_wdir,https://github.com/iterative/dvc/blob/main/dvc/parsing/__init__.py#L290,"            format_and_raise(exc, f""'{self.where}.{name}.wdir'"", self.relpath)         return self.resolver.fs.join(self.wdir, wdir) "
iterative/dvc,dvc/parsing/context.py,356,fs.exists,NOT_EXPLICIT,None,Context,load_from,https://github.com/iterative/dvc/blob/main/dvc/parsing/context.py#L356,"         if not fs.exists(path):             raise ParamsLoadError(f""'{path}' does not exist"")"
iterative/dvc,dvc/parsing/context.py,358,fs.isdir,NOT_EXPLICIT,None,Context,load_from,https://github.com/iterative/dvc/blob/main/dvc/parsing/context.py#L358,"            raise ParamsLoadError(f""'{path}' does not exist"")         if fs.isdir(path):             raise ParamsLoadError(f""'{path}' is a directory"")"
iterative/dvc,dvc/parsing/context.py,388,fs.normpath,NOT_EXPLICIT,None,Context,merge_from,https://github.com/iterative/dvc/blob/main/dvc/parsing/context.py#L388,"        path, _, keys_str = item.partition("":"")         path = fs.normpath(fs.join(wdir, path)) "
iterative/dvc,dvc/parsing/context.py,388,fs.join,NOT_EXPLICIT,None,Context,merge_from,https://github.com/iterative/dvc/blob/main/dvc/parsing/context.py#L388,"        path, _, keys_str = item.partition("":"")         path = fs.normpath(fs.join(wdir, path)) "
iterative/dvc,dvc/parsing/context.py,433,fs.join,NOT_EXPLICIT,None,Context,load_from_vars,https://github.com/iterative/dvc/blob/main/dvc/parsing/context.py#L433,"        if default:             to_import = fs.join(wdir, default)             if fs.exists(to_import):"
iterative/dvc,dvc/parsing/context.py,434,fs.exists,NOT_EXPLICIT,None,Context,load_from_vars,https://github.com/iterative/dvc/blob/main/dvc/parsing/context.py#L434,"            to_import = fs.join(wdir, default)             if fs.exists(to_import):                 self.merge_from(fs, default, wdir)"
iterative/dvc,dvc/repo/__init__.py,116,fs.join,NOT_EXPLICIT,None,Repo,_get_repo_dirs,https://github.com/iterative/dvc/blob/main/dvc/repo/__init__.py#L116,"            fs = fs or localfs             dvc_dir = fs.join(root_dir, self.DVC_DIR)         except NotDvcRepoError:"
iterative/dvc,dvc/repo/__init__.py,203,self.fs.makedirs,NOT_EXPLICIT,None,Repo,__init__,https://github.com/iterative/dvc/blob/main/dvc/repo/__init__.py#L203,"                assert self.tmp_dir                 self.fs.makedirs(self.tmp_dir, exist_ok=True) "
iterative/dvc,dvc/repo/__init__.py,206,self.fs.join,NOT_EXPLICIT,None,Repo,__init__,https://github.com/iterative/dvc/blob/main/dvc/repo/__init__.py#L206,"                self.lock = make_lock(                     self.fs.join(self.tmp_dir, ""lock""),                     tmp_dir=self.tmp_dir,"
iterative/dvc,dvc/repo/__init__.py,272,self.fs.relparts,NOT_EXPLICIT,None,Repo,local_dvc_dir,https://github.com/iterative/dvc/blob/main/dvc/repo/__init__.py#L272,"            # subrepo             relparts = self.fs.relparts(self.root_dir, ""/"") "
iterative/dvc,dvc/repo/__init__.py,393,fs._get_key_from_relative,NOT_EXPLICIT,None,Repo,get_data_index_entry,https://github.com/iterative/dvc/blob/main/dvc/repo/__init__.py#L393,"            fs = self.dvcfs.fs             key = fs._get_key_from_relative(fs_path)             subrepo, _, key = fs._get_subrepo_info(key)"
iterative/dvc,dvc/repo/__init__.py,394,fs._get_subrepo_info,NOT_EXPLICIT,None,Repo,get_data_index_entry,https://github.com/iterative/dvc/blob/main/dvc/repo/__init__.py#L394,"            key = fs._get_key_from_relative(fs_path)             subrepo, _, key = fs._get_subrepo_info(key)             index = subrepo.index.data[workspace]"
iterative/dvc,dvc/repo/__init__.py,398,self.fs.relparts,NOT_EXPLICIT,None,Repo,get_data_index_entry,https://github.com/iterative/dvc/blob/main/dvc/repo/__init__.py#L398,"            index = self.index.data[workspace]             key = self.fs.relparts(path, self.root_dir) "
iterative/dvc,dvc/repo/__init__.py,414,fs.abspath,NOT_EXPLICIT,None,Repo,find_root,https://github.com/iterative/dvc/blob/main/dvc/repo/__init__.py#L414,        root = root or os.curdir         root_dir = fs.abspath(root) 
iterative/dvc,dvc/repo/__init__.py,416,fs.isdir,NOT_EXPLICIT,None,Repo,find_root,https://github.com/iterative/dvc/blob/main/dvc/repo/__init__.py#L416,"         if not fs.isdir(root_dir):             raise NotDvcRepoError(f""directory '{root}' does not exist"")"
iterative/dvc,dvc/repo/__init__.py,420,fs.join,NOT_EXPLICIT,None,Repo,find_root,https://github.com/iterative/dvc/blob/main/dvc/repo/__init__.py#L420,"        while True:             dvc_dir = fs.join(root_dir, cls.DVC_DIR)             if fs.isdir(dvc_dir):"
iterative/dvc,dvc/repo/__init__.py,421,fs.isdir,NOT_EXPLICIT,None,Repo,find_root,https://github.com/iterative/dvc/blob/main/dvc/repo/__init__.py#L421,"            dvc_dir = fs.join(root_dir, cls.DVC_DIR)             if fs.isdir(dvc_dir):                 return root_dir"
iterative/dvc,dvc/repo/__init__.py,425,fs.parent,NOT_EXPLICIT,None,Repo,find_root,https://github.com/iterative/dvc/blob/main/dvc/repo/__init__.py#L425,                break             parent = fs.parent(root_dir)             if parent == root_dir:
iterative/dvc,dvc/repo/__init__.py,443,fs.join,NOT_EXPLICIT,None,Repo,find_dvc_dir,https://github.com/iterative/dvc/blob/main/dvc/repo/__init__.py#L443,"        root_dir = cls.find_root(root, fs=fs)         return fs.join(root_dir, cls.DVC_DIR) "
iterative/dvc,dvc/repo/__init__.py,554,self.fs.abspath,NOT_EXPLICIT,None,Repo,find_outs_by_path,https://github.com/iterative/dvc/blob/main/dvc/repo/__init__.py#L554,         abs_path = self.fs.abspath(path)         fs_path = abs_path
iterative/dvc,dvc/repo/__init__.py,565,self.fs.isin,NOT_EXPLICIT,None,Repo,func,https://github.com/iterative/dvc/blob/main/dvc/repo/__init__.py#L565,"                return True             return recursive and out.fs.isin(out.fs_path, fs_path) "
iterative/dvc,dvc/repo/__init__.py,574,self.fs.normpath,NOT_EXPLICIT,None,Repo,is_dvc_internal,https://github.com/iterative/dvc/blob/main/dvc/repo/__init__.py#L574,"    def is_dvc_internal(self, path):         path_parts = self.fs.normpath(path).split(self.fs.sep)         return self.DVC_DIR in path_parts"
iterative/dvc,dvc/repo/add.py,181,self.fs.abspath,NOT_EXPLICIT,None,None,_add,https://github.com/iterative/dvc/blob/main/dvc/repo/add.py#L181,    out = stage.outs[0]     path = out.fs.abspath(source) if source else None     try:
iterative/dvc,dvc/repo/artifacts.py,102,self.fs.relpath,NOT_EXPLICIT,None,Artifacts,read,https://github.com/iterative/dvc/blob/main/dvc/repo/artifacts.py#L102,"        for dvcfile, dvcfile_artifacts in self.repo.index._artifacts.items():             dvcyaml = self.repo.fs.relpath(dvcfile, self.repo.root_dir)             artifacts[dvcyaml] = {}"
iterative/dvc,dvc/repo/artifacts.py,180,fs.join,NOT_EXPLICIT,None,Artifacts,get_path,https://github.com/iterative/dvc/blob/main/dvc/repo/artifacts.py#L180,"        dirparts = posixpath.normpath(dirname).split(posixpath.sep) if dirname else ()         abspath = fs.join(scm_root, *dirparts, PROJECT_FILE)         rela = fs.relpath(abspath, self.repo.root_dir)"
iterative/dvc,dvc/repo/artifacts.py,181,fs.relpath,NOT_EXPLICIT,None,Artifacts,get_path,https://github.com/iterative/dvc/blob/main/dvc/repo/artifacts.py#L181,"        abspath = fs.join(scm_root, *dirparts, PROJECT_FILE)         rela = fs.relpath(abspath, self.repo.root_dir)         try:"
iterative/dvc,dvc/repo/artifacts.py,210,self.fs.join,NOT_EXPLICIT,None,Artifacts,download,https://github.com/iterative/dvc/blob/main/dvc/repo/artifacts.py#L210,"            root = self.repo.fs.root_marker             _dirname = self.repo.fs.join(root, dirname) if dirname else root             with Repo(_dirname, fs=self.repo.fs, scm=self.repo.scm) as r:"
iterative/dvc,dvc/repo/artifacts.py,213,self.fs.join,NOT_EXPLICIT,None,Artifacts,download,https://github.com/iterative/dvc/blob/main/dvc/repo/artifacts.py#L213,"                path = r.artifacts.get_path(name)                 path = self.repo.fs.join(root, as_posix(path))                 path = self.repo.fs.relpath(path, self.repo.root_dir)"
iterative/dvc,dvc/repo/artifacts.py,214,self.fs.relpath,NOT_EXPLICIT,None,Artifacts,download,https://github.com/iterative/dvc/blob/main/dvc/repo/artifacts.py#L214,"                path = self.repo.fs.join(root, as_posix(path))                 path = self.repo.fs.relpath(path, self.repo.root_dir)                 # when the `repo` is a subrepo, the path `/subrepo/myart.pkl` for dvcfs"
iterative/dvc,dvc/repo/artifacts.py,218,self.fs.join,NOT_EXPLICIT,None,Artifacts,download,https://github.com/iterative/dvc/blob/main/dvc/repo/artifacts.py#L218,"                # i.e. relative to the root of the subrepo                 path = self.repo.fs.join(root, path)                 path = self.repo.fs.normpath(path)"
iterative/dvc,dvc/repo/artifacts.py,219,self.fs.normpath,NOT_EXPLICIT,None,Artifacts,download,https://github.com/iterative/dvc/blob/main/dvc/repo/artifacts.py#L219,"                path = self.repo.fs.join(root, path)                 path = self.repo.fs.normpath(path) "
iterative/dvc,dvc/repo/brancher.py,64,self.fs.isin,NOT_EXPLICIT,None,None,brancher,https://github.com/iterative/dvc/blob/main/dvc/repo/brancher.py#L64,"    repo_root_parts: tuple[str, ...] = ()     if self.fs.isin(self.root_dir, self.scm.root_dir):         repo_root_parts = self.fs.relparts(self.root_dir, self.scm.root_dir)"
iterative/dvc,dvc/repo/brancher.py,65,self.fs.relparts,NOT_EXPLICIT,None,None,brancher,https://github.com/iterative/dvc/blob/main/dvc/repo/brancher.py#L65,"    if self.fs.isin(self.root_dir, self.scm.root_dir):         repo_root_parts = self.fs.relparts(self.root_dir, self.scm.root_dir) "
iterative/dvc,dvc/repo/brancher.py,68,self.fs.isin,NOT_EXPLICIT,None,None,brancher,https://github.com/iterative/dvc/blob/main/dvc/repo/brancher.py#L68,"    cwd_parts: tuple[str, ...] = ()     if self.fs.isin(self.fs.getcwd(), self.scm.root_dir):         cwd_parts = self.fs.relparts(self.fs.getcwd(), self.scm.root_dir)"
iterative/dvc,dvc/repo/brancher.py,68,self.fs.getcwd,NOT_EXPLICIT,None,None,brancher,https://github.com/iterative/dvc/blob/main/dvc/repo/brancher.py#L68,"    cwd_parts: tuple[str, ...] = ()     if self.fs.isin(self.fs.getcwd(), self.scm.root_dir):         cwd_parts = self.fs.relparts(self.fs.getcwd(), self.scm.root_dir)"
iterative/dvc,dvc/repo/brancher.py,69,self.fs.relparts,NOT_EXPLICIT,None,None,brancher,https://github.com/iterative/dvc/blob/main/dvc/repo/brancher.py#L69,"    if self.fs.isin(self.fs.getcwd(), self.scm.root_dir):         cwd_parts = self.fs.relparts(self.fs.getcwd(), self.scm.root_dir) "
iterative/dvc,dvc/repo/brancher.py,69,self.fs.getcwd,NOT_EXPLICIT,None,None,brancher,https://github.com/iterative/dvc/blob/main/dvc/repo/brancher.py#L69,"    if self.fs.isin(self.fs.getcwd(), self.scm.root_dir):         cwd_parts = self.fs.relparts(self.fs.getcwd(), self.scm.root_dir) "
iterative/dvc,dvc/repo/brancher.py,129,self.fs.join,NOT_EXPLICIT,None,None,_switch_fs,https://github.com/iterative/dvc/blob/main/dvc/repo/brancher.py#L129,"    fs = GitFileSystem(scm=repo.scm, rev=rev)     root_dir = repo.fs.join(""/"", *repo_root_parts)     if not fs.exists(root_dir):"
iterative/dvc,dvc/repo/brancher.py,130,fs.exists,NOT_EXPLICIT,None,None,_switch_fs,https://github.com/iterative/dvc/blob/main/dvc/repo/brancher.py#L130,"    root_dir = repo.fs.join(""/"", *repo_root_parts)     if not fs.exists(root_dir):         raise NotDvcRepoError(f""Commit '{rev[:7]}' does not contain a DVC repo"")"
iterative/dvc,dvc/repo/brancher.py,135,fs.join,NOT_EXPLICIT,None,None,_switch_fs,https://github.com/iterative/dvc/blob/main/dvc/repo/brancher.py#L135,"    repo.root_dir = root_dir     repo.dvc_dir = fs.join(root_dir, repo.DVC_DIR)     repo._reset()"
iterative/dvc,dvc/repo/brancher.py,139,self.fs.join,NOT_EXPLICIT,None,None,_switch_fs,https://github.com/iterative/dvc/blob/main/dvc/repo/brancher.py#L139,"    if cwd_parts:         cwd = repo.fs.join(""/"", *cwd_parts)         repo.fs.chdir(cwd)"
iterative/dvc,dvc/repo/brancher.py,140,self.fs.chdir,NOT_EXPLICIT,None,None,_switch_fs,https://github.com/iterative/dvc/blob/main/dvc/repo/brancher.py#L140,"        cwd = repo.fs.join(""/"", *cwd_parts)         repo.fs.chdir(cwd) "
iterative/dvc,dvc/repo/brancher.py,152,self.fs.isin,NOT_EXPLICIT,None,None,switch,https://github.com/iterative/dvc/blob/main/dvc/repo/brancher.py#L152,"    repo_root_parts: tuple[str, ...] = ()     if repo.fs.isin(repo.root_dir, repo.scm.root_dir):         repo_root_parts = repo.fs.relparts(repo.root_dir, repo.scm.root_dir)"
iterative/dvc,dvc/repo/brancher.py,153,self.fs.relparts,NOT_EXPLICIT,None,None,switch,https://github.com/iterative/dvc/blob/main/dvc/repo/brancher.py#L153,"    if repo.fs.isin(repo.root_dir, repo.scm.root_dir):         repo_root_parts = repo.fs.relparts(repo.root_dir, repo.scm.root_dir) "
iterative/dvc,dvc/repo/brancher.py,156,self.fs.isin,NOT_EXPLICIT,None,None,switch,https://github.com/iterative/dvc/blob/main/dvc/repo/brancher.py#L156,"    cwd_parts: tuple[str, ...] = ()     if repo.fs.isin(repo.fs.getcwd(), repo.scm.root_dir):         cwd_parts = repo.fs.relparts(repo.fs.getcwd(), repo.scm.root_dir)"
iterative/dvc,dvc/repo/brancher.py,156,self.fs.getcwd,NOT_EXPLICIT,None,None,switch,https://github.com/iterative/dvc/blob/main/dvc/repo/brancher.py#L156,"    cwd_parts: tuple[str, ...] = ()     if repo.fs.isin(repo.fs.getcwd(), repo.scm.root_dir):         cwd_parts = repo.fs.relparts(repo.fs.getcwd(), repo.scm.root_dir)"
iterative/dvc,dvc/repo/brancher.py,157,self.fs.relparts,NOT_EXPLICIT,None,None,switch,https://github.com/iterative/dvc/blob/main/dvc/repo/brancher.py#L157,"    if repo.fs.isin(repo.fs.getcwd(), repo.scm.root_dir):         cwd_parts = repo.fs.relparts(repo.fs.getcwd(), repo.scm.root_dir) "
iterative/dvc,dvc/repo/brancher.py,157,self.fs.getcwd,NOT_EXPLICIT,None,None,switch,https://github.com/iterative/dvc/blob/main/dvc/repo/brancher.py#L157,"    if repo.fs.isin(repo.fs.getcwd(), repo.scm.root_dir):         cwd_parts = repo.fs.relparts(repo.fs.getcwd(), repo.scm.root_dir) "
iterative/dvc,dvc/repo/cache.py,24,fs.exists,NOT_EXPLICIT,None,None,check_missing,https://github.com/iterative/dvc/blob/main/dvc/repo/cache.py#L24,"         if not fs.exists(path):             typ = ""directory"" if (entry.meta and entry.meta.isdir) else ""file"""
iterative/dvc,dvc/repo/checkout.py,98,fs.join,NOT_EXPLICIT,None,None,_check_can_delete,https://github.com/iterative/dvc/blob/main/dvc/repo/checkout.py#L98,"         entry_paths.append(fs.join(path, *(entry.key or ()))) "
iterative/dvc,dvc/repo/checkout.py,174,self.fs.isin_or_eq,NOT_EXPLICIT,None,None,checkout_onerror,https://github.com/iterative/dvc/blob/main/dvc/repo/checkout.py#L174,"        for out_path in out_paths:             if self.fs.isin_or_eq(dest_path, out_path):                 failed.add(out_path)"
iterative/dvc,dvc/repo/checkout.py,193,self.fs.join,NOT_EXPLICIT,None,None,checkout,https://github.com/iterative/dvc/blob/main/dvc/repo/checkout.py#L193,"    for key, (typ, _stats) in out_changes.items():         out_path = self.fs.join(self.root_dir, *key) "
iterative/dvc,dvc/repo/checkout.py,196,self.fs.remove,NOT_EXPLICIT,None,None,checkout,https://github.com/iterative/dvc/blob/main/dvc/repo/checkout.py#L196,"        if out_path in failed:             self.fs.remove(out_path, recursive=True)             continue"
iterative/dvc,dvc/repo/collect.py,34,fs.from_os_path,NOT_EXPLICIT,None,None,_collect_paths,https://github.com/iterative/dvc/blob/main/dvc/repo/collect.py#L34,    fs = DVCFileSystem(repo=repo)     fs_paths = [fs.from_os_path(target) for target in targets] 
iterative/dvc,dvc/repo/collect.py,38,fs.isdir,NOT_EXPLICIT,None,None,_collect_paths,https://github.com/iterative/dvc/blob/main/dvc/repo/collect.py#L38,    for fs_path in fs_paths:         if recursive and fs.isdir(fs_path):             target_paths.extend(fs.find(fs_path))
iterative/dvc,dvc/repo/collect.py,39,fs.find,NOT_EXPLICIT,None,None,_collect_paths,https://github.com/iterative/dvc/blob/main/dvc/repo/collect.py#L39,        if recursive and fs.isdir(fs_path):             target_paths.extend(fs.find(fs_path))         target_paths.append(fs_path)
iterative/dvc,dvc/repo/data.py,61,fs.exists,NOT_EXPLICIT,None,None,_get_missing_paths,https://github.com/iterative/dvc/blob/main/dvc/repo/data.py#L61,"        else:             results = fs.exists(                 list(paths_map), batch_size=batch_size, callback=callback             ) "
iterative/dvc,dvc/repo/data.py,371,self.fs.relpath,NOT_EXPLICIT,None,None,_transform_git_paths_to_dvc,https://github.com/iterative/dvc/blob/main/dvc/repo/data.py#L371,"    """"""Transform files rel. to Git root to DVC root, and drop outside files.""""""     rel = repo.fs.relpath(repo.root_dir, repo.scm.root_dir).rstrip(""/"") "
iterative/dvc,dvc/repo/data.py,381,self.fs.relpath,NOT_EXPLICIT,None,None,_transform_git_paths_to_dvc,https://github.com/iterative/dvc/blob/main/dvc/repo/data.py#L381,"     start = repo.fs.relpath(repo.fs.getcwd(), repo.root_dir)     if start in (os.curdir, """"):"
iterative/dvc,dvc/repo/data.py,381,self.fs.getcwd,NOT_EXPLICIT,None,None,_transform_git_paths_to_dvc,https://github.com/iterative/dvc/blob/main/dvc/repo/data.py#L381,"     start = repo.fs.relpath(repo.fs.getcwd(), repo.root_dir)     if start in (os.curdir, """"):"
iterative/dvc,dvc/repo/data.py,385,self.fs.relpath,NOT_EXPLICIT,None,None,_transform_git_paths_to_dvc,https://github.com/iterative/dvc/blob/main/dvc/repo/data.py#L385,"    # we need to convert repo relative paths to curdir relative.     return [repo.fs.relpath(file, start) for file in files] "
iterative/dvc,dvc/repo/data.py,513,self.fs.relparts,NOT_EXPLICIT,None,None,status,https://github.com/iterative/dvc/blob/main/dvc/repo/data.py#L513,    targets = targets or []     filter_keys: list[DataIndexKey] = [repo.fs.relparts(os.fspath(t)) for t in targets]     # try to remove duplicate and overlapping keys
iterative/dvc,dvc/repo/du.py,35,fs.isdir,NOT_EXPLICIT,None,None,du,https://github.com/iterative/dvc/blob/main/dvc/repo/du.py#L35,"         if summarize or not fs.isdir(path):             return [(path, fs.du(path, total=True))]"
iterative/dvc,dvc/repo/du.py,36,fs.du,NOT_EXPLICIT,None,None,du,https://github.com/iterative/dvc/blob/main/dvc/repo/du.py#L36,"        if summarize or not fs.isdir(path):             return [(path, fs.du(path, total=True))] "
iterative/dvc,dvc/repo/du.py,39,fs.du,NOT_EXPLICIT,None,None,du,https://github.com/iterative/dvc/blob/main/dvc/repo/du.py#L39,"        ret = [             (entry_path, fs.du(entry_path, total=True)) for entry_path in fs.ls(path)         ]"
iterative/dvc,dvc/repo/du.py,39,fs.ls,NOT_EXPLICIT,None,None,du,https://github.com/iterative/dvc/blob/main/dvc/repo/du.py#L39,"        ret = [             (entry_path, fs.du(entry_path, total=True)) for entry_path in fs.ls(path)         ]"
iterative/dvc,dvc/repo/experiments/cache.py,53,self.fs.open,NOT_EXPLICIT,None,ExpCache,get,https://github.com/iterative/dvc/blob/main/dvc/repo/experiments/cache.py#L53,"        try:             with obj.fs.open(obj.path, ""rb"") as fobj:                 data = fobj.read()"
iterative/dvc,dvc/repo/experiments/executor/base.py,362,fs.makedirs,NOT_EXPLICIT,None,BaseExecutor,pack_repro_args,https://github.com/iterative/dvc/blob/main/dvc/repo/experiments/executor/base.py#L362,            open_func = fs.open             fs.makedirs(dpath)         else:
iterative/dvc,dvc/repo/experiments/utils.py,44,self.fs.makedirs,NOT_EXPLICIT,None,None,get_exp_rwlock,https://github.com/iterative/dvc/blob/main/dvc/repo/experiments/utils.py#L44,"    path = os.path.join(repo.tmp_dir, EXEC_TMP_DIR)     repo.fs.makedirs(path, exist_ok=True) "
iterative/dvc,dvc/repo/fetch.py,169,tokenize,NOT_EXPLICIT,None,None,fetch,https://github.com/iterative/dvc/blob/main/dvc/repo/fetch.py#L169,"        ""fetch"",         tokenize(sorted(idx.data_tree.hash_info.value for idx in indexes.values())),     )"
iterative/dvc,dvc/repo/fetch.py,224,fs.unstrip_protocol,NOT_EXPLICIT,None,None,_log_unversioned,https://github.com/iterative/dvc/blob/main/dvc/repo/fetch.py#L224,"            if entry.meta and not entry.meta.isdir and entry.meta.version_id is None:                 unversioned.append(fs.unstrip_protocol(fs.join(remote.path, *key)))             else:"
iterative/dvc,dvc/repo/fetch.py,224,fs.join,NOT_EXPLICIT,None,None,_log_unversioned,https://github.com/iterative/dvc/blob/main/dvc/repo/fetch.py#L224,"            if entry.meta and not entry.meta.isdir and entry.meta.version_id is None:                 unversioned.append(fs.unstrip_protocol(fs.join(remote.path, *key)))             else:"
iterative/dvc,dvc/repo/get.py,60,fs.from_os_path,NOT_EXPLICIT,None,None,get,https://github.com/iterative/dvc/blob/main/dvc/repo/get.py#L60,"            fs = DataFileSystem(index=repo.index.data[""local""])             fs_path = fs.from_os_path(path)         else:"
iterative/dvc,dvc/repo/get.py,63,fs.from_os_path,NOT_EXPLICIT,None,None,get,https://github.com/iterative/dvc/blob/main/dvc/repo/get.py#L63,"            fs = repo.dvcfs             fs_path = fs.from_os_path(path)         download(fs, fs_path, os.path.abspath(out), jobs=jobs)"
iterative/dvc,dvc/repo/graph.py,146,self.fs.parts,NOT_EXPLICIT,None,None,build_graph,https://github.com/iterative/dvc/blob/main/dvc/repo/graph.py#L146,                continue             dep_key = dep.fs.parts(dep.fs_path)             overlapping = [n.value for n in outs_trie.prefixes(dep_key)]
iterative/dvc,dvc/repo/graph.py,176,self.fs.parts,NOT_EXPLICIT,None,None,build_outs_graph,https://github.com/iterative/dvc/blob/main/dvc/repo/graph.py#L176,                continue             dep_key = dep.fs.parts(dep.fs_path)             overlapping = [n.value for n in outs_trie.prefixes(dep_key)]
iterative/dvc,dvc/repo/index.py,91,fs.join,NOT_EXPLICIT,None,None,collect_files,https://github.com/iterative/dvc/blob/main/dvc/repo/index.py#L91,"        for file in filter(dvcfile_filter, files):             file_path = fs.join(root, file)             try:"
iterative/dvc,dvc/repo/index.py,203,tokenize,NOT_EXPLICIT,None,None,_load_storage_from_import,https://github.com/iterative/dvc/blob/main/dvc/repo/index.py#L203,        else:             meta_token = tokenize(dep.meta.to_dict()) 
iterative/dvc,dvc/repo/index.py,210,self.fs.join,NOT_EXPLICIT,None,None,_load_storage_from_import,https://github.com/iterative/dvc/blob/main/dvc/repo/index.py#L210,"                fs_cache.fs,                 fs_cache.fs.join(                     fs_cache.path,                     dep.fs.protocol,                     tokenize(dep.fs_path, meta_token),                 ),             )"
iterative/dvc,dvc/repo/index.py,213,tokenize,NOT_EXPLICIT,None,None,_load_storage_from_import,https://github.com/iterative/dvc/blob/main/dvc/repo/index.py#L213,"                    dep.fs.protocol,                     tokenize(dep.fs_path, meta_token),                 ),"
iterative/dvc,dvc/repo/index.py,513,self.fs.relparts,NOT_EXPLICIT,None,Index,metric_keys,https://github.com/iterative/dvc/blob/main/dvc/repo/index.py#L513,"        for path in _collect_top_level_metrics(self.repo):             key = self.repo.fs.relparts(path, self.repo.root_dir)             by_workspace[""repo""].add(key)"
iterative/dvc,dvc/repo/index.py,527,self.fs.exists,NOT_EXPLICIT,None,Index,param_keys,https://github.com/iterative/dvc/blob/main/dvc/repo/index.py#L527,"        default_file: str = ParamsDependency.DEFAULT_PARAMS_FILE         if self.repo.fs.exists(f""{self.repo.fs.root_marker}{default_file}""):             param_paths = chain(param_paths, [default_file])"
iterative/dvc,dvc/repo/index.py,531,self.fs.relparts,NOT_EXPLICIT,None,Index,param_keys,https://github.com/iterative/dvc/blob/main/dvc/repo/index.py#L531,"        for path in param_paths:             key = self.repo.fs.relparts(path, self.repo.root_dir)             by_workspace[""repo""].add(key)"
iterative/dvc,dvc/repo/index.py,550,self.fs.parts,NOT_EXPLICIT,None,Index,plot_keys,https://github.com/iterative/dvc/blob/main/dvc/repo/index.py#L550,"        for path in self._plot_sources:             key = self.repo.fs.parts(path)             by_workspace[""repo""].add(key)"
iterative/dvc,dvc/repo/index.py,788,self.fs.isin,NOT_EXPLICIT,None,IndexView,_data_prefixes,https://github.com/iterative/dvc/blob/main/dvc/repo/index.py#L788,"            workspace, key = out.index_key             if filter_info and out.fs.isin(filter_info, out.fs_path):                 key = key + out.fs.relparts(filter_info, out.fs_path)"
iterative/dvc,dvc/repo/index.py,789,self.fs.relparts,NOT_EXPLICIT,None,IndexView,_data_prefixes,https://github.com/iterative/dvc/blob/main/dvc/repo/index.py#L789,"            if filter_info and out.fs.isin(filter_info, out.fs_path):                 key = key + out.fs.relparts(filter_info, out.fs_path)             entry = self._index.data[workspace].get(key)"
iterative/dvc,dvc/repo/index.py,805,self.fs.isin,NOT_EXPLICIT,None,IndexView,data_keys,https://github.com/iterative/dvc/blob/main/dvc/repo/index.py#L805,"            workspace, key = out.index_key             if filter_info and out.fs.isin(filter_info, out.fs_path):                 key = key + out.fs.relparts(filter_info, out.fs_path)"
iterative/dvc,dvc/repo/index.py,806,self.fs.relparts,NOT_EXPLICIT,None,IndexView,data_keys,https://github.com/iterative/dvc/blob/main/dvc/repo/index.py#L806,"            if filter_info and out.fs.isin(filter_info, out.fs_path):                 key = key + out.fs.relparts(filter_info, out.fs_path)             ret[workspace].add(key)"
iterative/dvc,dvc/repo/index.py,856,fs.join,NOT_EXPLICIT,None,None,build_data_index,https://github.com/iterative/dvc/blob/main/dvc/repo/index.py#L856,"    for key in index.data_keys.get(workspace, set()):         out_path = fs.join(path, *key) "
iterative/dvc,dvc/repo/index.py,861,fs.exists,NOT_EXPLICIT,None,None,build_data_index,https://github.com/iterative/dvc/blob/main/dvc/repo/index.py#L861,         if not fs.exists(out_path):             continue
iterative/dvc,dvc/repo/index.py,901,fs.join,NOT_EXPLICIT,None,None,build_data_index,https://github.com/iterative/dvc/blob/main/dvc/repo/index.py#L901,"    for key in parents:         parent_path = fs.join(path, *key)         if not fs.exists(parent_path):"
iterative/dvc,dvc/repo/index.py,902,fs.exists,NOT_EXPLICIT,None,None,build_data_index,https://github.com/iterative/dvc/blob/main/dvc/repo/index.py#L902,"        parent_path = fs.join(path, *key)         if not fs.exists(parent_path):             continue"
iterative/dvc,dvc/repo/ls.py,84,fs.from_os_path,NOT_EXPLICIT,None,None,ls,https://github.com/iterative/dvc/blob/main/dvc/repo/ls.py#L84,"        fs: DVCFileSystem = repo.dvcfs         fs_path = fs.from_os_path(path)         return _ls(fs, fs_path, recursive, dvc_only, maxdepth)"
iterative/dvc,dvc/repo/ls.py,101,fs.from_os_path,NOT_EXPLICIT,None,None,ls_tree,https://github.com/iterative/dvc/blob/main/dvc/repo/ls.py#L101,        fs: DVCFileSystem = repo.dvcfs         fs_path = fs.from_os_path(path)         return _ls_tree(
iterative/dvc,dvc/repo/ls.py,114,fs.info,NOT_EXPLICIT,None,None,_ls,https://github.com/iterative/dvc/blob/main/dvc/repo/ls.py#L114,"):     fs_path = fs.info(path)[""name""] "
iterative/dvc,dvc/repo/ls.py,120,fs.isfile,NOT_EXPLICIT,None,None,_ls,https://github.com/iterative/dvc/blob/main/dvc/repo/ls.py#L120,    maxdepth = maxdepth if recursive else None     if maxdepth == 0 or fs.isfile(fs_path):         infos[os.path.basename(path) or os.curdir] = fs.info(fs_path)
iterative/dvc,dvc/repo/ls.py,121,fs.info,NOT_EXPLICIT,None,None,_ls,https://github.com/iterative/dvc/blob/main/dvc/repo/ls.py#L121,    if maxdepth == 0 or fs.isfile(fs_path):         infos[os.path.basename(path) or os.curdir] = fs.info(fs_path)     else:
iterative/dvc,dvc/repo/ls.py,123,fs.walk,NOT_EXPLICIT,None,None,_ls,https://github.com/iterative/dvc/blob/main/dvc/repo/ls.py#L123,"    else:         for root, dirs, files in fs.walk(             fs_path,             dvcfiles=True,             dvc_only=dvc_only,             detail=True,             maxdepth=maxdepth,         ):             parts = fs.relparts(root, fs_path)"
iterative/dvc,dvc/repo/ls.py,130,fs.relparts,NOT_EXPLICIT,None,None,_ls,https://github.com/iterative/dvc/blob/main/dvc/repo/ls.py#L130,"        ):             parts = fs.relparts(root, fs_path)             if parts == (""."",):"
iterative/dvc,dvc/repo/ls.py,151,fs.info,NOT_EXPLICIT,None,None,_ls_tree,https://github.com/iterative/dvc/blob/main/dvc/repo/ls.py#L151,"def _ls_tree(fs, path, maxdepth=None, _info=None, **fs_kwargs):     info = _info or fs.info(path)     if _info is None:"
iterative/dvc,dvc/repo/ls.py,168,fs.ls,NOT_EXPLICIT,None,None,_ls_tree,https://github.com/iterative/dvc/blob/main/dvc/repo/ls.py#L168,"        try:             infos = fs.ls(path, detail=True, **fs_kwargs)         except FileNotFoundError:"
iterative/dvc,dvc/repo/ls_url.py,10,fs.info,NOT_EXPLICIT,None,None,ls_url,https://github.com/iterative/dvc/blob/main/dvc/repo/ls_url.py#L10,    try:         info = fs.info(fs_path)     except FileNotFoundError as exc:
iterative/dvc,dvc/repo/ls_url.py,18,_LocalFileSystem,NOT_EXPLICIT,None,None,ls_url,https://github.com/iterative/dvc/blob/main/dvc/repo/ls_url.py#L18,        # dvc's LocalFileSystem does not support maxdepth yet         walk = _LocalFileSystem().walk     else:
iterative/dvc,dvc/repo/ls_url.py,24,fs.relparts,NOT_EXPLICIT,None,None,ls_url,https://github.com/iterative/dvc/blob/main/dvc/repo/ls_url.py#L24,"    for root, dirs, files in walk(fs_path, detail=True, maxdepth=maxdepth):         parts = fs.relparts(root, fs_path)         if parts == (""."",):"
iterative/dvc,dvc/repo/ls_url.py,32,fs.relpath,NOT_EXPLICIT,None,None,ls_url,https://github.com/iterative/dvc/blob/main/dvc/repo/ls_url.py#L32,"            ls_info = {                 ""path"": fs.relpath(info[""name""], fs_path),                 ""isdir"": info[""type""] == ""directory"","
iterative/dvc,dvc/repo/metrics/show.py,28,self.fs.relpath,NOT_EXPLICIT,None,None,_collect_top_level_metrics,https://github.com/iterative/dvc/blob/main/dvc/repo/metrics/show.py#L28,"    for dvcfile, metrics in top_metrics.items():         wdir = repo.fs.relpath(repo.fs.parent(dvcfile), repo.root_dir)         for file in metrics:"
iterative/dvc,dvc/repo/metrics/show.py,28,self.fs.parent,NOT_EXPLICIT,None,None,_collect_top_level_metrics,https://github.com/iterative/dvc/blob/main/dvc/repo/metrics/show.py#L28,"    for dvcfile, metrics in top_metrics.items():         wdir = repo.fs.relpath(repo.fs.parent(dvcfile), repo.root_dir)         for file in metrics:"
iterative/dvc,dvc/repo/metrics/show.py,30,self.fs.join,NOT_EXPLICIT,None,None,_collect_top_level_metrics,https://github.com/iterative/dvc/blob/main/dvc/repo/metrics/show.py#L30,"        for file in metrics:             path = repo.fs.join(wdir, as_posix(file))             yield repo.fs.normpath(path)"
iterative/dvc,dvc/repo/metrics/show.py,31,self.fs.normpath,NOT_EXPLICIT,None,None,_collect_top_level_metrics,https://github.com/iterative/dvc/blob/main/dvc/repo/metrics/show.py#L31,"            path = repo.fs.join(wdir, as_posix(file))             yield repo.fs.normpath(path) "
iterative/dvc,dvc/repo/metrics/show.py,104,fs.from_os_path,NOT_EXPLICIT,None,None,_collect_metrics,https://github.com/iterative/dvc/blob/main/dvc/repo/metrics/show.py#L104,    # convert to posixpath for DVCFileSystem     paths = (fs.from_os_path(metric) for metric in metrics)     # make paths absolute for DVCFileSystem
iterative/dvc,dvc/repo/metrics/show.py,123,fs.isdir,NOT_EXPLICIT,None,None,try_expand_paths,https://github.com/iterative/dvc/blob/main/dvc/repo/metrics/show.py#L123,        try:             if fs.isdir(path):                 yield from fs.find(path)
iterative/dvc,dvc/repo/metrics/show.py,124,fs.find,NOT_EXPLICIT,None,None,try_expand_paths,https://github.com/iterative/dvc/blob/main/dvc/repo/metrics/show.py#L124,            if fs.isdir(path):                 yield from fs.find(path)                 continue
iterative/dvc,dvc/repo/metrics/show.py,138,fs.getcwd,NOT_EXPLICIT,None,None,to_relpath,https://github.com/iterative/dvc/blob/main/dvc/repo/metrics/show.py#L138,    relpath = fs.relpath     cwd = fs.getcwd() 
iterative/dvc,dvc/repo/metrics/show.py,165,fs.parts,NOT_EXPLICIT,None,None,_gather_metrics,https://github.com/iterative/dvc/blob/main/dvc/repo/metrics/show.py#L165,"        repo_path = fs_path.lstrip(fs.root_marker)         repo_os_path = os.sep.join(fs.parts(repo_path))         if not isinstance(result, Exception):"
iterative/dvc,dvc/repo/open_repo.py,70,fs.relparts,NOT_EXPLICIT,None,None,make_repo,https://github.com/iterative/dvc/blob/main/dvc/repo/open_repo.py#L70,"            fs = fs or localfs             repo_path = os.path.join(url, *fs.relparts(path, root_dir))             _config.update(_get_remote_config(repo_path))"
iterative/dvc,dvc/repo/params/show.py,24,self.fs.relpath,NOT_EXPLICIT,None,None,_collect_top_level_params,https://github.com/iterative/dvc/blob/main/dvc/repo/params/show.py#L24,"    for dvcfile, params in top_params.items():         wdir = repo.fs.relpath(repo.fs.parent(dvcfile), repo.root_dir)         for file in params:"
iterative/dvc,dvc/repo/params/show.py,24,self.fs.parent,NOT_EXPLICIT,None,None,_collect_top_level_params,https://github.com/iterative/dvc/blob/main/dvc/repo/params/show.py#L24,"    for dvcfile, params in top_params.items():         wdir = repo.fs.relpath(repo.fs.parent(dvcfile), repo.root_dir)         for file in params:"
iterative/dvc,dvc/repo/params/show.py,26,self.fs.join,NOT_EXPLICIT,None,None,_collect_top_level_params,https://github.com/iterative/dvc/blob/main/dvc/repo/params/show.py#L26,"        for file in params:             path = repo.fs.join(wdir, as_posix(file))             yield repo.fs.normpath(path)"
iterative/dvc,dvc/repo/params/show.py,27,self.fs.normpath,NOT_EXPLICIT,None,None,_collect_top_level_params,https://github.com/iterative/dvc/blob/main/dvc/repo/params/show.py#L27,"            path = repo.fs.join(wdir, as_posix(file))             yield repo.fs.normpath(path) "
iterative/dvc,dvc/repo/params/show.py,68,fs.exists,NOT_EXPLICIT,None,None,_collect_params,https://github.com/iterative/dvc/blob/main/dvc/repo/params/show.py#L68,"        params.extend({param: []} for param in _collect_top_level_params(repo))         if default_file and fs.exists(f""{fs.root_marker}{default_file}""):             params.append({default_file: []})"
iterative/dvc,dvc/repo/params/show.py,77,fs.from_os_path,NOT_EXPLICIT,None,None,_collect_params,https://github.com/iterative/dvc/blob/main/dvc/repo/params/show.py#L77,        # convert to posixpath for DVCFileSystem         path = fs.from_os_path(param)         # make paths absolute for DVCFileSystem
iterative/dvc,dvc/repo/params/show.py,96,self.fs.abspath,NOT_EXPLICIT,None,None,_collect_vars,https://github.com/iterative/dvc/blob/main/dvc/repo/params/show.py#L96,                # `file` is relative                 abspath = repo.fs.abspath(file)                 repo_path = repo.dvcfs.from_os_path(abspath)
iterative/dvc,dvc/repo/params/show.py,141,fs.parts,NOT_EXPLICIT,None,None,_gather_params,https://github.com/iterative/dvc/blob/main/dvc/repo/params/show.py#L141,"        repo_path = fs_path.lstrip(fs.root_marker)         repo_os_path = os.sep.join(fs.parts(repo_path))         if not isinstance(result, Exception):"
iterative/dvc,dvc/repo/plots/__init__.py,63,fs.find,NOT_EXPLICIT,None,None,_unpack_dir_files,https://github.com/iterative/dvc/blob/main/dvc/repo/plots/__init__.py#L63,"def _unpack_dir_files(fs, path, **kwargs):     ret = list(fs.find(path))     if not ret:"
iterative/dvc,dvc/repo/plots/__init__.py,66,fs.ls,NOT_EXPLICIT,None,None,_unpack_dir_files,https://github.com/iterative/dvc/blob/main/dvc/repo/plots/__init__.py#L66,"        # This will raise FileNotFoundError if it is a broken symlink or TreeError         next(iter(fs.ls(path)), None)     return ret"
iterative/dvc,dvc/repo/plots/__init__.py,391,fs.relpath,NOT_EXPLICIT,None,None,_relpath,https://github.com/iterative/dvc/blob/main/dvc/repo/plots/__init__.py#L391,"    # (""../../../../../../dvc.yaml"") - investigate     return fs.relpath(fs.join(""/"", fs.from_os_path(path)), fs.getcwd()) "
iterative/dvc,dvc/repo/plots/__init__.py,391,fs.join,NOT_EXPLICIT,None,None,_relpath,https://github.com/iterative/dvc/blob/main/dvc/repo/plots/__init__.py#L391,"    # (""../../../../../../dvc.yaml"") - investigate     return fs.relpath(fs.join(""/"", fs.from_os_path(path)), fs.getcwd()) "
iterative/dvc,dvc/repo/plots/__init__.py,391,fs.from_os_path,NOT_EXPLICIT,None,None,_relpath,https://github.com/iterative/dvc/blob/main/dvc/repo/plots/__init__.py#L391,"    # (""../../../../../../dvc.yaml"") - investigate     return fs.relpath(fs.join(""/"", fs.from_os_path(path)), fs.getcwd()) "
iterative/dvc,dvc/repo/plots/__init__.py,391,fs.getcwd,NOT_EXPLICIT,None,None,_relpath,https://github.com/iterative/dvc/blob/main/dvc/repo/plots/__init__.py#L391,"    # (""../../../../../../dvc.yaml"") - investigate     return fs.relpath(fs.join(""/"", fs.from_os_path(path)), fs.getcwd()) "
iterative/dvc,dvc/repo/plots/__init__.py,405,fs.join,NOT_EXPLICIT,None,None,_collect_output_plots,https://github.com/iterative/dvc/blob/main/dvc/repo/plots/__init__.py#L405,"                fs,                 _normpath(fs.join(wdir_relpath, plot.def_path)),                 props=plot_props | props,"
iterative/dvc,dvc/repo/plots/__init__.py,433,fs.join,NOT_EXPLICIT,None,None,_adjust_sources,https://github.com/iterative/dvc/blob/main/dvc/repo/plots/__init__.py#L433,"        for filepath, val in old.items():             new[_normpath(fs.join(config_dir, filepath))] = val         new_plot_props[axis] = new"
iterative/dvc,dvc/repo/plots/__init__.py,447,fs.dirname,NOT_EXPLICIT,None,None,_resolve_definitions,https://github.com/iterative/dvc/blob/main/dvc/repo/plots/__init__.py#L447,"    config_path = os.fspath(config_path)     config_dir = fs.dirname(config_path)     result: dict[str, dict] = {}"
iterative/dvc,dvc/repo/plots/__init__.py,451,fs.join,NOT_EXPLICIT,None,None,_resolve_definitions,https://github.com/iterative/dvc/blob/main/dvc/repo/plots/__init__.py#L451,"    plot_ids_parents = [         _normpath(fs.join(config_dir, plot_id)) for plot_id in definitions     ]"
iterative/dvc,dvc/repo/plots/__init__.py,457,fs.join,NOT_EXPLICIT,None,None,_resolve_definitions,https://github.com/iterative/dvc/blob/main/dvc/repo/plots/__init__.py#L457,"        if _id_is_path(plot_props):             data_path = _normpath(fs.join(config_dir, plot_id))             if _matches(targets, config_path, plot_id):"
iterative/dvc,dvc/repo/plots/__init__.py,480,fs.commonpath,NOT_EXPLICIT,None,None,_closest_parent,https://github.com/iterative/dvc/blob/main/dvc/repo/plots/__init__.py#L480,"    for parent in parents:         common_path = fs.commonpath([path, parent])         if len(common_path) > len(best_result):"
iterative/dvc,dvc/repo/plots/__init__.py,524,fs.exists,NOT_EXPLICIT,None,None,_collect_definitions,https://github.com/iterative/dvc/blob/main/dvc/repo/plots/__init__.py#L524,"    for target in targets:         if not result or fs.exists(target):             unpacked = unpack_if_dir(fs, target, props=props, onerror=onerror)"
iterative/dvc,dvc/repo/plots/__init__.py,533,fs.isdir,NOT_EXPLICIT,None,None,unpack_if_dir,https://github.com/iterative/dvc/blob/main/dvc/repo/plots/__init__.py#L533,"    result: dict[str, dict] = defaultdict(dict)     if fs.isdir(path):         unpacked = _unpack_dir_files(fs, path, onerror=onerror)"
iterative/dvc,dvc/repo/plots/__init__.py,552,fs.open,NOT_EXPLICIT,None,None,parse,https://github.com/iterative/dvc/blob/main/dvc/repo/plots/__init__.py#L552,"    if extension in SUPPORTED_IMAGE_EXTENSIONS:         with fs.open(path, mode=""rb"", **fs_kwargs) as fd:             return fd.read()"
iterative/dvc,dvc/repo/plots/__init__.py,559,fs.open,NOT_EXPLICIT,None,None,parse,https://github.com/iterative/dvc/blob/main/dvc/repo/plots/__init__.py#L559,"    with reraise(UnicodeDecodeError, EncodingError(path, ""utf8"")):         with fs.open(path, mode=""r"", encoding=""utf8"", **fs_kwargs) as fd:             contents = fd.read()"
iterative/dvc,dvc/repo/push.py,25,fs.info,NOT_EXPLICIT,None,None,_rebuild,https://github.com/iterative/dvc/blob/main/dvc/repo/push.py#L25,"            try:                 meta = Meta.from_info(fs.info(fs.join(path, *key)), fs.protocol)             except FileNotFoundError:"
iterative/dvc,dvc/repo/push.py,25,fs.join,NOT_EXPLICIT,None,None,_rebuild,https://github.com/iterative/dvc/blob/main/dvc/repo/push.py#L25,"            try:                 meta = Meta.from_info(fs.info(fs.join(path, *key)), fs.protocol)             except FileNotFoundError:"
iterative/dvc,dvc/repo/push.py,127,tokenize,NOT_EXPLICIT,None,None,push,https://github.com/iterative/dvc/blob/main/dvc/repo/push.py#L127,"        ""push"",         tokenize(sorted(idx.data_tree.hash_info.value for idx in indexes.values())),     )"
iterative/dvc,dvc/repo/remove.py,27,self.fs.exists,NOT_EXPLICIT,None,None,remove,https://github.com/iterative/dvc/blob/main/dvc/repo/remove.py#L27,        # give a more helpful error message.         if self.fs.exists(target + DVC_FILE_SUFFIX):             raise StageFileIsNotDvcFileError(target) from e
iterative/dvc,dvc/repo/stage.py,63,self.fs.exists,NOT_EXPLICIT,None,None,_maybe_collect_from_dvc_yaml,https://github.com/iterative/dvc/blob/main/dvc/repo/stage.py#L63,    stages: StageList = []     if loader.fs.exists(PROJECT_FILE):         with suppress(StageNotFound):
iterative/dvc,dvc/repo/stage.py,90,self.fs.isdir,NOT_EXPLICIT,None,None,_collect_specific_target,https://github.com/iterative/dvc/blob/main/dvc/repo/stage.py#L90,"        logger.debug(msg, target, PROJECT_FILE)         if not (recursive and loader.fs.isdir(target)):             stages = _maybe_collect_from_dvc_yaml(loader, target, with_deps)"
iterative/dvc,dvc/repo/stage.py,223,self.fs.abspath,NOT_EXPLICIT,None,StageLoad,_get_filepath,https://github.com/iterative/dvc/blob/main/dvc/repo/stage.py#L223,        if path:             return self.repo.fs.abspath(path) 
iterative/dvc,dvc/repo/stage.py,349,self.fs.isdir,NOT_EXPLICIT,None,StageLoad,collect,https://github.com/iterative/dvc/blob/main/dvc/repo/stage.py#L349,         if recursive and self.fs.isdir(target):             from dvc.repo.graph import collect_inside_path
iterative/dvc,dvc/repo/stage.py,352,self.fs.abspath,NOT_EXPLICIT,None,StageLoad,collect,https://github.com/iterative/dvc/blob/main/dvc/repo/stage.py#L352,"             path = self.fs.abspath(target)             return collect_inside_path(path, graph or self.repo.index.graph)"
iterative/dvc,dvc/repo/stage.py,394,self.fs.isdir,NOT_EXPLICIT,None,StageLoad,collect_granular,https://github.com/iterative/dvc/blob/main/dvc/repo/stage.py#L394,        if not stages:             if not (recursive and self.fs.isdir(target)):                 try:
iterative/dvc,dvc/repo/stage.py,397,self.fs.abspath,NOT_EXPLICIT,None,StageLoad,collect_granular,https://github.com/iterative/dvc/blob/main/dvc/repo/stage.py#L397,"                    (out,) = self.repo.find_outs_by_path(target, strict=False)                     return [StageInfo(out.stage, self.fs.abspath(target))]                 except OutputNotFoundError:"
iterative/dvc,dvc/repo/trie.py,12,self.fs.parts,NOT_EXPLICIT,None,None,build_outs_trie,https://github.com/iterative/dvc/blob/main/dvc/repo/trie.py#L12,        for out in stage.outs:             out_key = out.fs.parts(out.fs_path) 
iterative/dvc,dvc/repo/worktree.py,131,self.fs.join,NOT_EXPLICIT,None,None,_merge_push_meta,https://github.com/iterative/dvc/blob/main/dvc/repo/worktree.py#L131,"                continue             fs_path = repo.fs.join(repo.root_dir, *subkey)             meta, hash_info = old_tree.get(repo.fs.relparts(fs_path, out.fs_path)) or ("
iterative/dvc,dvc/repo/worktree.py,132,self.fs.relparts,NOT_EXPLICIT,None,None,_merge_push_meta,https://github.com/iterative/dvc/blob/main/dvc/repo/worktree.py#L132,"            fs_path = repo.fs.join(repo.root_dir, *subkey)             meta, hash_info = old_tree.get(repo.fs.relparts(fs_path, out.fs_path)) or (                 None,"
iterative/dvc,dvc/repo/worktree.py,331,self.fs.join,NOT_EXPLICIT,None,None,_get_update_diff_index,https://github.com/iterative/dvc/blob/main/dvc/repo/worktree.py#L331,"                if not entry.meta.isdir:                     fs_path = repo.fs.join(repo.root_dir, *entry.key)                     tree = out.obj"
iterative/dvc,dvc/repo/worktree.py,335,self.fs.relparts,NOT_EXPLICIT,None,None,_get_update_diff_index,https://github.com/iterative/dvc/blob/main/dvc/repo/worktree.py#L335,"                    _, entry.hash_info = tree.get(  # type: ignore[misc]                         repo.fs.relparts(fs_path, out.fs_path)                     )"
iterative/dvc,dvc/rwlock.py,46,fs.join,NOT_EXPLICIT,None,None,_edit_rwlock,https://github.com/iterative/dvc/blob/main/dvc/rwlock.py#L46,"def _edit_rwlock(lock_dir, fs, hardlink):     path = fs.join(lock_dir, RWLOCK_FILE) "
iterative/dvc,dvc/rwlock.py,49,fs.join,NOT_EXPLICIT,None,None,_edit_rwlock,https://github.com/iterative/dvc/blob/main/dvc/rwlock.py#L49,"    rwlock_guard = make_lock(         fs.join(lock_dir, RWLOCK_LOCK),         tmp_dir=lock_dir,"
iterative/dvc,dvc/rwlock.py,55,fs.open,NOT_EXPLICIT,None,None,_edit_rwlock,https://github.com/iterative/dvc/blob/main/dvc/rwlock.py#L55,"        try:             with fs.open(path, encoding=""utf-8"") as fobj:                 lock = SCHEMA(json.load(fobj))"
iterative/dvc,dvc/rwlock.py,66,fs.open,NOT_EXPLICIT,None,None,_edit_rwlock,https://github.com/iterative/dvc/blob/main/dvc/rwlock.py#L66,"        yield lock         with fs.open(path, ""w"", encoding=""utf-8"") as fobj:             json.dump(lock, fobj)"
iterative/dvc,dvc/stage/__init__.py,640,self.fs.isin_or_eq,NOT_EXPLICIT,None,Stage,_func,https://github.com/iterative/dvc/blob/main/dvc/stage/__init__.py#L640,"        def _func(o):             return o.fs.isin_or_eq(fs_path, o.fs_path) "
iterative/dvc,dvc/stage/utils.py,185,fs.abspath,NOT_EXPLICIT,None,None,resolve_paths,https://github.com/iterative/dvc/blob/main/dvc/stage/utils.py#L185,"def resolve_paths(fs, path, wdir=None):     path = fs.abspath(path)     wdir = wdir or os.curdir"
iterative/dvc,dvc/stage/utils.py,187,fs.abspath,NOT_EXPLICIT,None,None,resolve_paths,https://github.com/iterative/dvc/blob/main/dvc/stage/utils.py#L187,"    wdir = wdir or os.curdir     wdir = fs.abspath(fs.join(fs.dirname(path), wdir))     return path, wdir"
iterative/dvc,dvc/stage/utils.py,187,fs.join,NOT_EXPLICIT,None,None,resolve_paths,https://github.com/iterative/dvc/blob/main/dvc/stage/utils.py#L187,"    wdir = wdir or os.curdir     wdir = fs.abspath(fs.join(fs.dirname(path), wdir))     return path, wdir"
iterative/dvc,dvc/stage/utils.py,187,fs.dirname,NOT_EXPLICIT,None,None,resolve_paths,https://github.com/iterative/dvc/blob/main/dvc/stage/utils.py#L187,"    wdir = wdir or os.curdir     wdir = fs.abspath(fs.join(fs.dirname(path), wdir))     return path, wdir"
iterative/dvc,dvc/testing/workspace_tests.py,195,fs.normpath,NOT_EXPLICIT,None,None,match_files,https://github.com/iterative/dvc/blob/main/dvc/testing/workspace_tests.py#L195,"def match_files(fs, entries, expected):     entries_content = {(fs.normpath(d[""path""]), d[""isdir""]) for d in entries}     expected_content = {(fs.normpath(d[""path""]), d[""isdir""]) for d in expected}"
iterative/dvc,dvc/testing/workspace_tests.py,196,fs.normpath,NOT_EXPLICIT,None,None,match_files,https://github.com/iterative/dvc/blob/main/dvc/testing/workspace_tests.py#L196,"    entries_content = {(fs.normpath(d[""path""]), d[""isdir""]) for d in entries}     expected_content = {(fs.normpath(d[""path""]), d[""isdir""]) for d in expected}     assert entries_content == expected_content"
iterative/dvc,dvc/testing/workspace_tests.py,206,fs.join,NOT_EXPLICIT,None,TestLsUrl,test_file,https://github.com/iterative/dvc/blob/main/dvc/testing/workspace_tests.py#L206,"        result = ls_url(str(cloud / fname), fs_config=cloud.config)         match_files(fs, result, [{""path"": fs.join(fs_path, fname), ""isdir"": False}]) "
iterative/dvc,dvc/utils/serialize/__init__.py,23,fs.suffix,NOT_EXPLICIT,None,None,load_path,https://github.com/iterative/dvc/blob/main/dvc/utils/serialize/__init__.py#L23,"def load_path(fs_path, fs, **kwargs):     suffix = fs.suffix(fs_path).lower()     loader = LOADERS[suffix]"
iterative/dvc,dvc/utils/serialize/_common.py,88,fs.exists,NOT_EXPLICIT,None,None,_modify_data,https://github.com/iterative/dvc/blob/main/dvc/utils/serialize/_common.py#L88,"):     file_exists = fs.exists(os.fspath(path)) if fs else os.path.exists(path)     data = _load_data(path, parser=parser, fs=fs) if file_exists else {}"
iterative/dvc,dvc/utils/strictyaml.py,47,fs.relpath,NOT_EXPLICIT,None,None,make_relpath,https://github.com/iterative/dvc/blob/main/dvc/utils/strictyaml.py#L47,"    if fs and not isinstance(fs, LocalFileSystem):         rel = fs.relpath(fs_path).replace(fs.sep, sep)     else:"
iterative/dvc,dvc/utils/studio.py,126,self.fs.relpath,NOT_EXPLICIT,None,None,get_subrepo_relpath,https://github.com/iterative/dvc/blob/main/dvc/utils/studio.py#L126,"     relpath = as_posix(repo.fs.relpath(repo.root_dir, scm_root_dir)) "
iterative/dvc,tests/func/experiments/test_experiments.py,50,fs.open,NOT_EXPLICIT,None,None,test_new_simple,https://github.com/iterative/dvc/blob/main/tests/func/experiments/test_experiments.py#L50,"    fs = scm.get_fs(exp)     with fs.open(""metrics.yaml"", mode=""r"", encoding=""utf-8"") as fobj:         assert fobj.read().strip() == ""foo: 2"""
iterative/dvc,tests/func/experiments/test_experiments.py,89,fs.open,NOT_EXPLICIT,None,None,test_experiment_exists,https://github.com/iterative/dvc/blob/main/tests/func/experiments/test_experiments.py#L89,"    fs = scm.get_fs(exp)     with fs.open(""metrics.yaml"", mode=""r"", encoding=""utf-8"") as fobj:         assert fobj.read().strip() == ""foo: 3"""
iterative/dvc,tests/func/experiments/test_experiments.py,109,self.fs.exists,NOT_EXPLICIT,None,None,test_failed_exp_workspace,https://github.com/iterative/dvc/blob/main/tests/func/experiments/test_experiments.py#L109,"        dvc.experiments.run(failed_exp_stage.addressing)     assert not dvc.fs.exists(         os.path.join(dvc.experiments.workspace_queue.pid_dir, ""workspace"")     ) "
iterative/dvc,tests/func/experiments/test_experiments.py,156,fs.open,NOT_EXPLICIT,None,None,test_update_py_params,https://github.com/iterative/dvc/blob/main/tests/func/experiments/test_experiments.py#L156,"    fs = scm.get_fs(exp_a)     with fs.open(""params.py"", mode=""r"", encoding=""utf-8"") as fobj:         assert fobj.read().strip() == ""INT = 2"""
iterative/dvc,tests/func/experiments/test_experiments.py,158,fs.open,NOT_EXPLICIT,None,None,test_update_py_params,https://github.com/iterative/dvc/blob/main/tests/func/experiments/test_experiments.py#L158,"        assert fobj.read().strip() == ""INT = 2""     with fs.open(""metrics.py"", mode=""r"", encoding=""utf-8"") as fobj:         assert fobj.read().strip() == ""INT = 2"""
iterative/dvc,tests/func/experiments/test_experiments.py,204,fs.open,NOT_EXPLICIT,None,None,test_update_py_params,https://github.com/iterative/dvc/blob/main/tests/func/experiments/test_experiments.py#L204,"    fs = scm.get_fs(exp_a)     with fs.open(""params.py"", mode=""r"", encoding=""utf-8"") as fobj:         assert _dos2unix(fobj.read().strip()) == result"
iterative/dvc,tests/func/experiments/test_experiments.py,206,fs.open,NOT_EXPLICIT,None,None,test_update_py_params,https://github.com/iterative/dvc/blob/main/tests/func/experiments/test_experiments.py#L206,"        assert _dos2unix(fobj.read().strip()) == result     with fs.open(""metrics.py"", mode=""r"", encoding=""utf-8"") as fobj:         assert _dos2unix(fobj.read().strip()) == result"
iterative/dvc,tests/func/experiments/test_experiments.py,323,fs.exists,NOT_EXPLICIT,None,None,test_untracked,https://github.com/iterative/dvc/blob/main/tests/func/experiments/test_experiments.py#L323,"    fs = scm.get_fs(exp)     assert fs.exists(""dvc.yaml"")     assert fs.exists(""dvc.lock"")"
iterative/dvc,tests/func/experiments/test_experiments.py,324,fs.exists,NOT_EXPLICIT,None,None,test_untracked,https://github.com/iterative/dvc/blob/main/tests/func/experiments/test_experiments.py#L324,"    assert fs.exists(""dvc.yaml"")     assert fs.exists(""dvc.lock"")     assert fs.exists(""copy.py"")"
iterative/dvc,tests/func/experiments/test_experiments.py,325,fs.exists,NOT_EXPLICIT,None,None,test_untracked,https://github.com/iterative/dvc/blob/main/tests/func/experiments/test_experiments.py#L325,"    assert fs.exists(""dvc.lock"")     assert fs.exists(""copy.py"")     with fs.open(""metrics.yaml"", mode=""r"", encoding=""utf-8"") as fobj:"
iterative/dvc,tests/func/experiments/test_experiments.py,326,fs.open,NOT_EXPLICIT,None,None,test_untracked,https://github.com/iterative/dvc/blob/main/tests/func/experiments/test_experiments.py#L326,"    assert fs.exists(""copy.py"")     with fs.open(""metrics.yaml"", mode=""r"", encoding=""utf-8"") as fobj:         assert fobj.read().strip() == ""foo: 2"""
iterative/dvc,tests/func/experiments/test_experiments.py,417,fs.exists,NOT_EXPLICIT,None,None,test_subdir,https://github.com/iterative/dvc/blob/main/tests/func/experiments/test_experiments.py#L417,"    for fname in [""metrics.yaml"", ""dvc.lock""]:         assert fs.exists(f""dir/{fname}"")     with fs.open(""dir/metrics.yaml"", mode=""r"", encoding=""utf-8"") as fobj:"
iterative/dvc,tests/func/experiments/test_experiments.py,418,fs.open,NOT_EXPLICIT,None,None,test_subdir,https://github.com/iterative/dvc/blob/main/tests/func/experiments/test_experiments.py#L418,"        assert fs.exists(f""dir/{fname}"")     with fs.open(""dir/metrics.yaml"", mode=""r"", encoding=""utf-8"") as fobj:         assert fobj.read().strip() == ""foo: 2"""
iterative/dvc,tests/func/experiments/test_experiments.py,456,fs.exists,NOT_EXPLICIT,None,None,test_subrepo,https://github.com/iterative/dvc/blob/main/tests/func/experiments/test_experiments.py#L456,"    for fname in [""metrics.yaml"", ""dvc.lock""]:         assert fs.exists(f""dir/repo/{fname}"")     with fs.open(""dir/repo/metrics.yaml"", mode=""r"", encoding=""utf-8"") as fobj:"
iterative/dvc,tests/func/experiments/test_experiments.py,457,fs.open,NOT_EXPLICIT,None,None,test_subrepo,https://github.com/iterative/dvc/blob/main/tests/func/experiments/test_experiments.py#L457,"        assert fs.exists(f""dir/repo/{fname}"")     with fs.open(""dir/repo/metrics.yaml"", mode=""r"", encoding=""utf-8"") as fobj:         assert fobj.read().strip() == ""foo: 2"""
iterative/dvc,tests/func/experiments/test_experiments.py,479,fs.open,NOT_EXPLICIT,None,None,test_run_celery,https://github.com/iterative/dvc/blob/main/tests/func/experiments/test_experiments.py#L479,"        fs = scm.get_fs(exp)         with fs.open(""metrics.yaml"", mode=""r"", encoding=""utf-8"") as fobj:             metrics.add(fobj.read().strip())"
iterative/dvc,tests/func/experiments/test_experiments.py,705,fs.open,NOT_EXPLICIT,None,None,test_local_config_is_propagated_to_tmp,https://github.com/iterative/dvc/blob/main/tests/func/experiments/test_experiments.py#L705,"     with fs.open(""file"") as fobj:         conf_obj = ConfigObj(fobj)"
iterative/dvc,tests/func/experiments/test_experiments.py,724,fs.exists,NOT_EXPLICIT,None,None,test_untracked_top_level_files_are_included_in_exp,https://github.com/iterative/dvc/blob/main/tests/func/experiments/test_experiments.py#L724,"    for file in [""metrics.json"", ""params.yaml"", ""plots.csv""]:         assert fs.exists(file) "
iterative/dvc,tests/func/experiments/test_experiments.py,743,fs.exists,NOT_EXPLICIT,None,None,test_copy_paths,https://github.com/iterative/dvc/blob/main/tests/func/experiments/test_experiments.py#L743,"    fs = scm.get_fs(exp)     assert not fs.exists(""dir"")     assert not fs.exists(""file"")"
iterative/dvc,tests/func/experiments/test_experiments.py,744,fs.exists,NOT_EXPLICIT,None,None,test_copy_paths,https://github.com/iterative/dvc/blob/main/tests/func/experiments/test_experiments.py#L744,"    assert not fs.exists(""dir"")     assert not fs.exists(""file"") "
iterative/dvc,tests/func/experiments/test_queue.py,53,fs.exists,NOT_EXPLICIT,None,None,test_copy_paths_queue,https://github.com/iterative/dvc/blob/main/tests/func/experiments/test_queue.py#L53,"    fs = scm.get_fs(exp)     assert not fs.exists(""dir"")     assert not fs.exists(""file"")"
iterative/dvc,tests/func/experiments/test_queue.py,54,fs.exists,NOT_EXPLICIT,None,None,test_copy_paths_queue,https://github.com/iterative/dvc/blob/main/tests/func/experiments/test_queue.py#L54,"    assert not fs.exists(""dir"")     assert not fs.exists(""file"") "
iterative/dvc,tests/func/experiments/test_save.py,135,fs.exists,NOT_EXPLICIT,None,None,test_untracked_top_level_files_are_included_in_exp,https://github.com/iterative/dvc/blob/main/tests/func/experiments/test_save.py#L135,"    for file in [""metrics.json"", ""params.yaml"", ""plots.csv"", ""dvc.lock""]:         assert fs.exists(file) "
iterative/dvc,tests/func/experiments/test_save.py,149,fs.exists,NOT_EXPLICIT,None,None,test_untracked_dvclock_is_included_in_exp,https://github.com/iterative/dvc/blob/main/tests/func/experiments/test_save.py#L149,"    fs = scm.get_fs(exp)     assert fs.exists(""dvc.lock"") "
iterative/dvc,tests/func/experiments/test_save.py,161,fs.exists,NOT_EXPLICIT,None,None,test_exp_save_include_untracked_force,https://github.com/iterative/dvc/blob/main/tests/func/experiments/test_save.py#L161,"    fs = scm.get_fs(exp)     assert fs.exists(""new_file"") "
iterative/dvc,tests/func/experiments/test_stash_exp.py,57,fs.exists,NOT_EXPLICIT,None,None,test_staged_new_file,https://github.com/iterative/dvc/blob/main/tests/func/experiments/test_stash_exp.py#L57,"    fs = scm.get_fs(exp)     assert fs.exists(""file"")"
iterative/dvc,tests/func/test_data_cloud.py,478,fs.keys,NOT_EXPLICIT,None,None,test_fetch_stats,https://github.com/iterative/dvc/blob/main/tests/func/test_data_cloud.py#L478,"    dvc.push()     clean(list(fs.keys()), dvc) "
iterative/dvc,tests/func/test_data_status.py,346,self.fs.rm,NOT_EXPLICIT,None,None,test_partial_missing_cache,https://github.com/iterative/dvc/blob/main/tests/func/test_data_status.py#L346,"    odb = dvc.cache.repo     odb.fs.rm(odb.oid_to_path(""acbd18db4cc2f85cedef654fccc4a4d8"")) "
iterative/dvc,tests/func/test_data_status.py,370,self.fs.rm,NOT_EXPLICIT,None,None,test_missing_dir_object_from_head,https://github.com/iterative/dvc/blob/main/tests/func/test_data_status.py#L370,    odb = dvc.cache.repo     odb.fs.rm(odb.oid_to_path(stage.outs[0].hash_info.value)) 
iterative/dvc,tests/func/test_data_status.py,392,self.fs.rm,NOT_EXPLICIT,None,None,test_missing_dir_object_from_index,https://github.com/iterative/dvc/blob/main/tests/func/test_data_status.py#L392,    odb = dvc.cache.repo     odb.fs.rm(odb.oid_to_path(stage.outs[0].hash_info.value)) 
iterative/dvc,tests/func/test_fs.py,16,self.fs.exists,NOT_EXPLICIT,None,None,test_cleanfs_subrepo,https://github.com/iterative/dvc/blob/main/tests/func/test_fs.py#L16,"     assert dvc.fs.exists(dvc.fs.join(path, ""foo""))     assert dvc.fs.isfile(dvc.fs.join(path, ""foo""))"
iterative/dvc,tests/func/test_fs.py,16,self.fs.join,NOT_EXPLICIT,None,None,test_cleanfs_subrepo,https://github.com/iterative/dvc/blob/main/tests/func/test_fs.py#L16,"     assert dvc.fs.exists(dvc.fs.join(path, ""foo""))     assert dvc.fs.isfile(dvc.fs.join(path, ""foo""))"
iterative/dvc,tests/func/test_fs.py,17,self.fs.isfile,NOT_EXPLICIT,None,None,test_cleanfs_subrepo,https://github.com/iterative/dvc/blob/main/tests/func/test_fs.py#L17,"    assert dvc.fs.exists(dvc.fs.join(path, ""foo""))     assert dvc.fs.isfile(dvc.fs.join(path, ""foo""))     assert dvc.fs.exists(dvc.fs.join(path, ""dir""))"
iterative/dvc,tests/func/test_fs.py,17,self.fs.join,NOT_EXPLICIT,None,None,test_cleanfs_subrepo,https://github.com/iterative/dvc/blob/main/tests/func/test_fs.py#L17,"    assert dvc.fs.exists(dvc.fs.join(path, ""foo""))     assert dvc.fs.isfile(dvc.fs.join(path, ""foo""))     assert dvc.fs.exists(dvc.fs.join(path, ""dir""))"
iterative/dvc,tests/func/test_fs.py,18,self.fs.exists,NOT_EXPLICIT,None,None,test_cleanfs_subrepo,https://github.com/iterative/dvc/blob/main/tests/func/test_fs.py#L18,"    assert dvc.fs.isfile(dvc.fs.join(path, ""foo""))     assert dvc.fs.exists(dvc.fs.join(path, ""dir""))     assert dvc.fs.isdir(dvc.fs.join(path, ""dir""))"
iterative/dvc,tests/func/test_fs.py,18,self.fs.join,NOT_EXPLICIT,None,None,test_cleanfs_subrepo,https://github.com/iterative/dvc/blob/main/tests/func/test_fs.py#L18,"    assert dvc.fs.isfile(dvc.fs.join(path, ""foo""))     assert dvc.fs.exists(dvc.fs.join(path, ""dir""))     assert dvc.fs.isdir(dvc.fs.join(path, ""dir""))"
iterative/dvc,tests/func/test_fs.py,19,self.fs.isdir,NOT_EXPLICIT,None,None,test_cleanfs_subrepo,https://github.com/iterative/dvc/blob/main/tests/func/test_fs.py#L19,"    assert dvc.fs.exists(dvc.fs.join(path, ""dir""))     assert dvc.fs.isdir(dvc.fs.join(path, ""dir"")) "
iterative/dvc,tests/func/test_fs.py,19,self.fs.join,NOT_EXPLICIT,None,None,test_cleanfs_subrepo,https://github.com/iterative/dvc/blob/main/tests/func/test_fs.py#L19,"    assert dvc.fs.exists(dvc.fs.join(path, ""dir""))     assert dvc.fs.isdir(dvc.fs.join(path, ""dir"")) "
iterative/dvc,tests/func/test_fs.py,21,self.fs.exists,NOT_EXPLICIT,None,None,test_cleanfs_subrepo,https://github.com/iterative/dvc/blob/main/tests/func/test_fs.py#L21,"     assert subrepo.fs.exists(subrepo.fs.join(path, ""foo""))     assert subrepo.fs.isfile(subrepo.fs.join(path, ""foo""))"
iterative/dvc,tests/func/test_fs.py,21,self.fs.join,NOT_EXPLICIT,None,None,test_cleanfs_subrepo,https://github.com/iterative/dvc/blob/main/tests/func/test_fs.py#L21,"     assert subrepo.fs.exists(subrepo.fs.join(path, ""foo""))     assert subrepo.fs.isfile(subrepo.fs.join(path, ""foo""))"
iterative/dvc,tests/func/test_fs.py,22,self.fs.isfile,NOT_EXPLICIT,None,None,test_cleanfs_subrepo,https://github.com/iterative/dvc/blob/main/tests/func/test_fs.py#L22,"    assert subrepo.fs.exists(subrepo.fs.join(path, ""foo""))     assert subrepo.fs.isfile(subrepo.fs.join(path, ""foo""))     assert subrepo.fs.exists(subrepo.fs.join(path, ""dir""))"
iterative/dvc,tests/func/test_fs.py,22,self.fs.join,NOT_EXPLICIT,None,None,test_cleanfs_subrepo,https://github.com/iterative/dvc/blob/main/tests/func/test_fs.py#L22,"    assert subrepo.fs.exists(subrepo.fs.join(path, ""foo""))     assert subrepo.fs.isfile(subrepo.fs.join(path, ""foo""))     assert subrepo.fs.exists(subrepo.fs.join(path, ""dir""))"
iterative/dvc,tests/func/test_fs.py,23,self.fs.exists,NOT_EXPLICIT,None,None,test_cleanfs_subrepo,https://github.com/iterative/dvc/blob/main/tests/func/test_fs.py#L23,"    assert subrepo.fs.isfile(subrepo.fs.join(path, ""foo""))     assert subrepo.fs.exists(subrepo.fs.join(path, ""dir""))     assert subrepo.fs.isdir(subrepo.fs.join(path, ""dir""))"
iterative/dvc,tests/func/test_fs.py,23,self.fs.join,NOT_EXPLICIT,None,None,test_cleanfs_subrepo,https://github.com/iterative/dvc/blob/main/tests/func/test_fs.py#L23,"    assert subrepo.fs.isfile(subrepo.fs.join(path, ""foo""))     assert subrepo.fs.exists(subrepo.fs.join(path, ""dir""))     assert subrepo.fs.isdir(subrepo.fs.join(path, ""dir""))"
iterative/dvc,tests/func/test_fs.py,24,self.fs.isdir,NOT_EXPLICIT,None,None,test_cleanfs_subrepo,https://github.com/iterative/dvc/blob/main/tests/func/test_fs.py#L24,"    assert subrepo.fs.exists(subrepo.fs.join(path, ""dir""))     assert subrepo.fs.isdir(subrepo.fs.join(path, ""dir"")) "
iterative/dvc,tests/func/test_fs.py,24,self.fs.join,NOT_EXPLICIT,None,None,test_cleanfs_subrepo,https://github.com/iterative/dvc/blob/main/tests/func/test_fs.py#L24,"    assert subrepo.fs.exists(subrepo.fs.join(path, ""dir""))     assert subrepo.fs.isdir(subrepo.fs.join(path, ""dir"")) "
iterative/dvc,tests/func/test_ignore.py,66,self.fs.info,NOT_EXPLICIT,None,None,test_walk,https://github.com/iterative/dvc/blob/main/tests/func/test_ignore.py#L66,"            str(tmp_dir),             {""dir"": dvc.fs.info(str(tmp_dir / ""dir""))},             {"
iterative/dvc,tests/func/test_ignore.py,68,self.fs.info,NOT_EXPLICIT,None,None,test_walk,https://github.com/iterative/dvc/blob/main/tests/func/test_ignore.py#L68,"            {                 ""bar"": dvc.fs.info(str(tmp_dir / ""bar"")),                 "".dvcignore"": dvc.fs.info(str(tmp_dir / "".dvcignore"")),"
iterative/dvc,tests/func/test_ignore.py,69,self.fs.info,NOT_EXPLICIT,None,None,test_walk,https://github.com/iterative/dvc/blob/main/tests/func/test_ignore.py#L69,"                ""bar"": dvc.fs.info(str(tmp_dir / ""bar"")),                 "".dvcignore"": dvc.fs.info(str(tmp_dir / "".dvcignore"")),             },"
iterative/dvc,tests/func/test_ignore.py,75,self.fs.info,NOT_EXPLICIT,None,None,test_walk,https://github.com/iterative/dvc/blob/main/tests/func/test_ignore.py#L75,"            {                 ""subdir"": dvc.fs.info(str(tmp_dir / ""dir"" / ""subdir"")),             },"
iterative/dvc,tests/func/test_ignore.py,78,self.fs.info,NOT_EXPLICIT,None,None,test_walk,https://github.com/iterative/dvc/blob/main/tests/func/test_ignore.py#L78,"            {                 ""baz"": dvc.fs.info(str(tmp_dir / ""dir"" / ""baz"")),             },"
iterative/dvc,tests/func/test_ignore.py,84,self.fs.info,NOT_EXPLICIT,None,None,test_walk,https://github.com/iterative/dvc/blob/main/tests/func/test_ignore.py#L84,"            {},             {""qux"": dvc.fs.info(str(tmp_dir / ""dir"" / ""subdir"" / ""qux""))},         ),"
iterative/dvc,tests/func/test_remote.py,161,self.fs.remove,NOT_EXPLICIT,None,None,test_dir_hash_should_be_key_order_agnostic,https://github.com/iterative/dvc/blob/main/tests/func/test_remote.py#L161,    # remove the raw dir obj to force building the tree on the next build call     dvc.cache.local.fs.remove(dvc.cache.local.oid_to_path(hash1.as_raw().value)) 
iterative/dvc,tests/remotes/git_server.py,34,fs.exists,NOT_EXPLICIT,None,None,_check,https://github.com/iterative/dvc/blob/main/tests/remotes/git_server.py#L34,"            fs = get_fs()             fs.exists(""/"")             fs.execute(""git --version"")"
iterative/dvc,tests/remotes/git_server.py,35,fs.execute,NOT_EXPLICIT,None,None,_check,https://github.com/iterative/dvc/blob/main/tests/remotes/git_server.py#L35,"            fs.exists(""/"")             fs.execute(""git --version"")         except asyncssh.Error:"
iterative/dvc,tests/unit/data/db/test_local.py,106,fs.exists,NOT_EXPLICIT,None,None,test_staging_file,https://github.com/iterative/dvc/blob/main/tests/unit/data/db/test_local.py#L106,    path = local_odb.oid_to_path(obj.hash_info.value)     assert fs.exists(path) 
iterative/dvc,tests/unit/data/db/test_local.py,132,fs.exists,NOT_EXPLICIT,None,None,test_staging_dir,https://github.com/iterative/dvc/blob/main/tests/unit/data/db/test_local.py#L132,    path = local_odb.oid_to_path(obj.hash_info.value)     assert fs.exists(path)
iterative/dvc,tests/unit/fs/test_data.py,26,self.fs._get_key,NOT_EXPLICIT,None,None,test_get_key,https://github.com/iterative/dvc/blob/main/tests/unit/fs/test_data.py#L26,"    fs = DataFileSystem(index=dvc.index.data[""repo""])     assert fs.fs._get_key(path) == key "
iterative/dvc,tests/unit/fs/test_data.py,35,fs.exists,NOT_EXPLICIT,None,None,test_exists,https://github.com/iterative/dvc/blob/main/tests/unit/fs/test_data.py#L35,"    fs = DataFileSystem(index=dvc.index.data[""repo""])     assert fs.exists(""foo"") "
iterative/dvc,tests/unit/fs/test_data.py,44,fs.open,NOT_EXPLICIT,None,None,test_open,https://github.com/iterative/dvc/blob/main/tests/unit/fs/test_data.py#L44,"    fs = DataFileSystem(index=dvc.index.data[""repo""])     with fs.open(""foo"", ""r"") as fobj:         assert fobj.read() == ""foo"""
iterative/dvc,tests/unit/fs/test_data.py,53,fs.open,NOT_EXPLICIT,None,None,test_open_dirty_hash,https://github.com/iterative/dvc/blob/main/tests/unit/fs/test_data.py#L53,"    fs = DataFileSystem(index=dvc.index.data[""repo""])     with fs.open(""file"", ""r"") as fobj:         # NOTE: Unlike DVCFileSystem, DataFileSystem should not"
iterative/dvc,tests/unit/fs/test_data.py,66,fs.open,NOT_EXPLICIT,None,None,test_open_no_remote,https://github.com/iterative/dvc/blob/main/tests/unit/fs/test_data.py#L66,"    with pytest.raises(FileNotFoundError):         with fs.open(""file"", ""r""):             pass"
iterative/dvc,tests/unit/fs/test_data.py,78,fs.open,NOT_EXPLICIT,None,None,test_open_dirty_no_hash,https://github.com/iterative/dvc/blob/main/tests/unit/fs/test_data.py#L78,"    with pytest.raises(FileNotFoundError):         with fs.open(""file"", ""r""):             pass"
iterative/dvc,tests/unit/fs/test_data.py,95,fs.open,NOT_EXPLICIT,None,None,test_open_in_history,https://github.com/iterative/dvc/blob/main/tests/unit/fs/test_data.py#L95,"        fs = DataFileSystem(index=dvc.index.data[""repo""])         with fs.open(""foo"", ""r"") as fobj:             assert fobj.read() == ""foo"""
iterative/dvc,tests/unit/fs/test_data.py,103,fs.isdir,NOT_EXPLICIT,None,None,test_isdir_isfile,https://github.com/iterative/dvc/blob/main/tests/unit/fs/test_data.py#L103,"    fs = DataFileSystem(index=dvc.index.data[""repo""])     assert not fs.isdir(""datadir"")     assert not fs.isfile(""datadir"")"
iterative/dvc,tests/unit/fs/test_data.py,104,fs.isfile,NOT_EXPLICIT,None,None,test_isdir_isfile,https://github.com/iterative/dvc/blob/main/tests/unit/fs/test_data.py#L104,"    assert not fs.isdir(""datadir"")     assert not fs.isfile(""datadir"")     assert not fs.isdir(""datafile"")"
iterative/dvc,tests/unit/fs/test_data.py,105,fs.isdir,NOT_EXPLICIT,None,None,test_isdir_isfile,https://github.com/iterative/dvc/blob/main/tests/unit/fs/test_data.py#L105,"    assert not fs.isfile(""datadir"")     assert not fs.isdir(""datafile"")     assert not fs.isfile(""datafile"")"
iterative/dvc,tests/unit/fs/test_data.py,106,fs.isfile,NOT_EXPLICIT,None,None,test_isdir_isfile,https://github.com/iterative/dvc/blob/main/tests/unit/fs/test_data.py#L106,"    assert not fs.isdir(""datafile"")     assert not fs.isfile(""datafile"") "
iterative/dvc,tests/unit/fs/test_data.py,113,fs.isdir,NOT_EXPLICIT,None,None,test_isdir_isfile,https://github.com/iterative/dvc/blob/main/tests/unit/fs/test_data.py#L113,"    fs = DataFileSystem(index=dvc.index.data[""repo""])     assert fs.isdir(""datadir"")     assert not fs.isfile(""datadir"")"
iterative/dvc,tests/unit/fs/test_data.py,114,fs.isfile,NOT_EXPLICIT,None,None,test_isdir_isfile,https://github.com/iterative/dvc/blob/main/tests/unit/fs/test_data.py#L114,"    assert fs.isdir(""datadir"")     assert not fs.isfile(""datadir"")     assert not fs.isdir(""datafile"")"
iterative/dvc,tests/unit/fs/test_data.py,115,fs.isdir,NOT_EXPLICIT,None,None,test_isdir_isfile,https://github.com/iterative/dvc/blob/main/tests/unit/fs/test_data.py#L115,"    assert not fs.isfile(""datadir"")     assert not fs.isdir(""datafile"")     assert fs.isfile(""datafile"")"
iterative/dvc,tests/unit/fs/test_data.py,116,fs.isfile,NOT_EXPLICIT,None,None,test_isdir_isfile,https://github.com/iterative/dvc/blob/main/tests/unit/fs/test_data.py#L116,"    assert not fs.isdir(""datafile"")     assert fs.isfile(""datafile"") "
iterative/dvc,tests/unit/fs/test_data.py,125,fs.isdir,NOT_EXPLICIT,None,None,test_isdir_mixed,https://github.com/iterative/dvc/blob/main/tests/unit/fs/test_data.py#L125,"    fs = DataFileSystem(index=dvc.index.data[""repo""])     assert fs.isdir(""dir"")     assert not fs.isfile(""dir"")"
iterative/dvc,tests/unit/fs/test_data.py,126,fs.isfile,NOT_EXPLICIT,None,None,test_isdir_mixed,https://github.com/iterative/dvc/blob/main/tests/unit/fs/test_data.py#L126,"    assert fs.isdir(""dir"")     assert not fs.isfile(""dir"") "
iterative/dvc,tests/unit/fs/test_data.py,155,fs.walk,NOT_EXPLICIT,None,None,test_walk,https://github.com/iterative/dvc/blob/main/tests/unit/fs/test_data.py#L155,"    actual = []     for root, dirs, files in fs.walk(""dir""):         for entry in dirs + files:"
iterative/dvc,tests/unit/fs/test_data.py,189,fs.walk,NOT_EXPLICIT,None,None,test_walk_dir,https://github.com/iterative/dvc/blob/main/tests/unit/fs/test_data.py#L189,"    actual = []     for root, dirs, files in fs.walk(""dir""):         for entry in dirs + files:"
iterative/dvc,tests/unit/fs/test_data.py,200,fs.walk,NOT_EXPLICIT,None,None,test_walk_missing,https://github.com/iterative/dvc/blob/main/tests/unit/fs/test_data.py#L200,"     for _ in fs.walk(""dir""):         pass"
iterative/dvc,tests/unit/fs/test_data.py,208,fs.walk,NOT_EXPLICIT,None,None,test_walk_not_a_dir,https://github.com/iterative/dvc/blob/main/tests/unit/fs/test_data.py#L208,"     for _ in fs.walk(""foo""):         pass"
iterative/dvc,tests/unit/fs/test_data.py,215,fs.info,NOT_EXPLICIT,None,None,test_get_hash_file,https://github.com/iterative/dvc/blob/main/tests/unit/fs/test_data.py#L215,"    fs = DataFileSystem(index=dvc.index.data[""repo""])     assert fs.info(""foo"")[""md5""] == ""acbd18db4cc2f85cedef654fccc4a4d8"" "
iterative/dvc,tests/unit/fs/test_data.py,222,fs.info,NOT_EXPLICIT,None,None,test_get_hash_dir,https://github.com/iterative/dvc/blob/main/tests/unit/fs/test_data.py#L222,"    hash_file_spy = mocker.spy(dvc_data.hashfile.hash, ""hash_file"")     assert fs.info(""dir"")[""md5""] == ""8761c4e9acad696bee718615e23e22db.dir""     assert not hash_file_spy.called"
iterative/dvc,tests/unit/fs/test_data.py,230,fs.info,NOT_EXPLICIT,None,None,test_get_hash_granular,https://github.com/iterative/dvc/blob/main/tests/unit/fs/test_data.py#L230,"    subdir = ""dir/subdir""     assert fs.info(subdir).get(""md5"") is None     _, _, obj = build(dvc.cache.local, subdir, fs, ""md5"", dry_run=True)"
iterative/dvc,tests/unit/fs/test_data.py,234,fs.info,NOT_EXPLICIT,None,None,test_get_hash_granular,https://github.com/iterative/dvc/blob/main/tests/unit/fs/test_data.py#L234,"    data = posixpath.join(subdir, ""data"")     assert fs.info(data)[""md5""] == ""8d777f385d3dfec8815d20f7496026dc""     _, _, obj = build(dvc.cache.local, data, fs, ""md5"", dry_run=True)"
iterative/dvc,tests/unit/fs/test_data.py,245,fs.info,NOT_EXPLICIT,None,None,test_get_hash_dirty_file,https://github.com/iterative/dvc/blob/main/tests/unit/fs/test_data.py#L245,"    expected = ""8c7dd922ad47494fc02c388e12c00eac""     assert fs.info(""file"").get(""md5"") == expected     _, _, obj = build(dvc.cache.local, ""file"", fs, ""md5"", dry_run=True)"
iterative/dvc,tests/unit/fs/test_data.py,256,fs.info,NOT_EXPLICIT,None,None,test_get_hash_dirty_dir,https://github.com/iterative/dvc/blob/main/tests/unit/fs/test_data.py#L256,"    expected = ""5ea40360f5b4ec688df672a4db9c17d1.dir""     assert fs.info(""dir"").get(""md5"") == expected     _, _, obj = build(dvc.cache.local, ""dir"", fs, ""md5"", dry_run=True)"
iterative/dvc,tests/unit/fs/test_dvc.py,21,fs.exists,NOT_EXPLICIT,None,None,test_exists,https://github.com/iterative/dvc/blob/main/tests/unit/fs/test_dvc.py#L21,"    fs = DVCFileSystem(repo=dvc)     assert fs.exists(""foo"") "
iterative/dvc,tests/unit/fs/test_dvc.py,30,fs.open,NOT_EXPLICIT,None,None,test_open,https://github.com/iterative/dvc/blob/main/tests/unit/fs/test_dvc.py#L30,"    fs = DVCFileSystem(repo=dvc)     with fs.open(""foo"", ""r"") as fobj:         assert fobj.read() == ""foo"""
iterative/dvc,tests/unit/fs/test_dvc.py,39,fs.open,NOT_EXPLICIT,None,None,test_open_dirty_hash,https://github.com/iterative/dvc/blob/main/tests/unit/fs/test_dvc.py#L39,"    fs = DVCFileSystem(repo=dvc)     with fs.open(""file"", ""r"") as fobj:         assert fobj.read() == ""something"""
iterative/dvc,tests/unit/fs/test_dvc.py,48,fs.open,NOT_EXPLICIT,None,None,test_open_dirty_no_hash,https://github.com/iterative/dvc/blob/main/tests/unit/fs/test_dvc.py#L48,"    fs = DVCFileSystem(repo=dvc)     with fs.open(""file"", ""r"") as fobj:         assert fobj.read() == ""file"""
iterative/dvc,tests/unit/fs/test_dvc.py,65,fs.open,NOT_EXPLICIT,None,None,test_open_in_history,https://github.com/iterative/dvc/blob/main/tests/unit/fs/test_dvc.py#L65,"        fs = DVCFileSystem(repo=dvc)         with fs.open(""foo"", ""r"") as fobj:             assert fobj.read() == ""foo"""
iterative/dvc,tests/unit/fs/test_dvc.py,88,fs.isdir,NOT_EXPLICIT,None,None,test_isdir_isfile,https://github.com/iterative/dvc/blob/main/tests/unit/fs/test_dvc.py#L88,"    fs = DVCFileSystem(repo=dvc)     assert fs.isdir(""datadir"")     assert not fs.isfile(""datadir"")"
iterative/dvc,tests/unit/fs/test_dvc.py,89,fs.isfile,NOT_EXPLICIT,None,None,test_isdir_isfile,https://github.com/iterative/dvc/blob/main/tests/unit/fs/test_dvc.py#L89,"    assert fs.isdir(""datadir"")     assert not fs.isfile(""datadir"")     assert not fs.isdvc(""datadir"")"
iterative/dvc,tests/unit/fs/test_dvc.py,90,fs.isdvc,NOT_EXPLICIT,None,None,test_isdir_isfile,https://github.com/iterative/dvc/blob/main/tests/unit/fs/test_dvc.py#L90,"    assert not fs.isfile(""datadir"")     assert not fs.isdvc(""datadir"")     assert not fs.isdir(""datafile"")"
iterative/dvc,tests/unit/fs/test_dvc.py,91,fs.isdir,NOT_EXPLICIT,None,None,test_isdir_isfile,https://github.com/iterative/dvc/blob/main/tests/unit/fs/test_dvc.py#L91,"    assert not fs.isdvc(""datadir"")     assert not fs.isdir(""datafile"")     assert fs.isfile(""datafile"")"
iterative/dvc,tests/unit/fs/test_dvc.py,92,fs.isfile,NOT_EXPLICIT,None,None,test_isdir_isfile,https://github.com/iterative/dvc/blob/main/tests/unit/fs/test_dvc.py#L92,"    assert not fs.isdir(""datafile"")     assert fs.isfile(""datafile"")     assert not fs.isdvc(""datafile"")"
iterative/dvc,tests/unit/fs/test_dvc.py,93,fs.isdvc,NOT_EXPLICIT,None,None,test_isdir_isfile,https://github.com/iterative/dvc/blob/main/tests/unit/fs/test_dvc.py#L93,"    assert fs.isfile(""datafile"")     assert not fs.isdvc(""datafile"") "
iterative/dvc,tests/unit/fs/test_dvc.py,109,fs.isdir,NOT_EXPLICIT,None,None,test_isdir_isfile,https://github.com/iterative/dvc/blob/main/tests/unit/fs/test_dvc.py#L109,"    fs = DVCFileSystem(repo=dvc)     assert fs.isdir(""datadir"")     assert not fs.isfile(""datadir"")"
iterative/dvc,tests/unit/fs/test_dvc.py,110,fs.isfile,NOT_EXPLICIT,None,None,test_isdir_isfile,https://github.com/iterative/dvc/blob/main/tests/unit/fs/test_dvc.py#L110,"    assert fs.isdir(""datadir"")     assert not fs.isfile(""datadir"")     assert fs.isdvc(""datadir"")"
iterative/dvc,tests/unit/fs/test_dvc.py,111,fs.isdvc,NOT_EXPLICIT,None,None,test_isdir_isfile,https://github.com/iterative/dvc/blob/main/tests/unit/fs/test_dvc.py#L111,"    assert not fs.isfile(""datadir"")     assert fs.isdvc(""datadir"")     assert not fs.isdir(""datafile"")"
iterative/dvc,tests/unit/fs/test_dvc.py,112,fs.isdir,NOT_EXPLICIT,None,None,test_isdir_isfile,https://github.com/iterative/dvc/blob/main/tests/unit/fs/test_dvc.py#L112,"    assert fs.isdvc(""datadir"")     assert not fs.isdir(""datafile"")     assert fs.isfile(""datafile"")"
iterative/dvc,tests/unit/fs/test_dvc.py,113,fs.isfile,NOT_EXPLICIT,None,None,test_isdir_isfile,https://github.com/iterative/dvc/blob/main/tests/unit/fs/test_dvc.py#L113,"    assert not fs.isdir(""datafile"")     assert fs.isfile(""datafile"")     assert fs.isdvc(""datafile"")"
iterative/dvc,tests/unit/fs/test_dvc.py,114,fs.isdvc,NOT_EXPLICIT,None,None,test_isdir_isfile,https://github.com/iterative/dvc/blob/main/tests/unit/fs/test_dvc.py#L114,"    assert fs.isfile(""datafile"")     assert fs.isdvc(""datafile"") "
iterative/dvc,tests/unit/fs/test_dvc.py,116,fs.isdir,NOT_EXPLICIT,None,None,test_isdir_isfile,https://github.com/iterative/dvc/blob/main/tests/unit/fs/test_dvc.py#L116,"     assert fs.isdir(""subdir"")     assert not fs.isfile(""subdir"")"
iterative/dvc,tests/unit/fs/test_dvc.py,117,fs.isfile,NOT_EXPLICIT,None,None,test_isdir_isfile,https://github.com/iterative/dvc/blob/main/tests/unit/fs/test_dvc.py#L117,"    assert fs.isdir(""subdir"")     assert not fs.isfile(""subdir"")     assert not fs.isdvc(""subdir"")"
iterative/dvc,tests/unit/fs/test_dvc.py,118,fs.isdvc,NOT_EXPLICIT,None,None,test_isdir_isfile,https://github.com/iterative/dvc/blob/main/tests/unit/fs/test_dvc.py#L118,"    assert not fs.isfile(""subdir"")     assert not fs.isdvc(""subdir"")     assert fs.isfile(""subdir/baz"")"
iterative/dvc,tests/unit/fs/test_dvc.py,119,fs.isfile,NOT_EXPLICIT,None,None,test_isdir_isfile,https://github.com/iterative/dvc/blob/main/tests/unit/fs/test_dvc.py#L119,"    assert not fs.isdvc(""subdir"")     assert fs.isfile(""subdir/baz"")     assert fs.isdir(""subdir/data"")"
iterative/dvc,tests/unit/fs/test_dvc.py,120,fs.isdir,NOT_EXPLICIT,None,None,test_isdir_isfile,https://github.com/iterative/dvc/blob/main/tests/unit/fs/test_dvc.py#L120,"    assert fs.isfile(""subdir/baz"")     assert fs.isdir(""subdir/data"") "
iterative/dvc,tests/unit/fs/test_dvc.py,130,fs.exists,NOT_EXPLICIT,None,None,test_exists_isdir_isfile_dirty,https://github.com/iterative/dvc/blob/main/tests/unit/fs/test_dvc.py#L130,"     assert fs.exists(""datafile"")     assert fs.exists(""datadir"")"
iterative/dvc,tests/unit/fs/test_dvc.py,131,fs.exists,NOT_EXPLICIT,None,None,test_exists_isdir_isfile_dirty,https://github.com/iterative/dvc/blob/main/tests/unit/fs/test_dvc.py#L131,"    assert fs.exists(""datafile"")     assert fs.exists(""datadir"")     assert fs.exists(""datadir/foo"")"
iterative/dvc,tests/unit/fs/test_dvc.py,132,fs.exists,NOT_EXPLICIT,None,None,test_exists_isdir_isfile_dirty,https://github.com/iterative/dvc/blob/main/tests/unit/fs/test_dvc.py#L132,"    assert fs.exists(""datadir"")     assert fs.exists(""datadir/foo"")     assert fs.isfile(""datafile"")"
iterative/dvc,tests/unit/fs/test_dvc.py,133,fs.isfile,NOT_EXPLICIT,None,None,test_exists_isdir_isfile_dirty,https://github.com/iterative/dvc/blob/main/tests/unit/fs/test_dvc.py#L133,"    assert fs.exists(""datadir/foo"")     assert fs.isfile(""datafile"")     assert not fs.isfile(""datadir"")"
iterative/dvc,tests/unit/fs/test_dvc.py,134,fs.isfile,NOT_EXPLICIT,None,None,test_exists_isdir_isfile_dirty,https://github.com/iterative/dvc/blob/main/tests/unit/fs/test_dvc.py#L134,"    assert fs.isfile(""datafile"")     assert not fs.isfile(""datadir"")     assert fs.isfile(""datadir/foo"")"
iterative/dvc,tests/unit/fs/test_dvc.py,135,fs.isfile,NOT_EXPLICIT,None,None,test_exists_isdir_isfile_dirty,https://github.com/iterative/dvc/blob/main/tests/unit/fs/test_dvc.py#L135,"    assert not fs.isfile(""datadir"")     assert fs.isfile(""datadir/foo"")     assert not fs.isdir(""datafile"")"
iterative/dvc,tests/unit/fs/test_dvc.py,136,fs.isdir,NOT_EXPLICIT,None,None,test_exists_isdir_isfile_dirty,https://github.com/iterative/dvc/blob/main/tests/unit/fs/test_dvc.py#L136,"    assert fs.isfile(""datadir/foo"")     assert not fs.isdir(""datafile"")     assert fs.isdir(""datadir"")"
iterative/dvc,tests/unit/fs/test_dvc.py,137,fs.isdir,NOT_EXPLICIT,None,None,test_exists_isdir_isfile_dirty,https://github.com/iterative/dvc/blob/main/tests/unit/fs/test_dvc.py#L137,"    assert not fs.isdir(""datafile"")     assert fs.isdir(""datadir"")     assert not fs.isdir(""datadir/foo"")"
iterative/dvc,tests/unit/fs/test_dvc.py,138,fs.isdir,NOT_EXPLICIT,None,None,test_exists_isdir_isfile_dirty,https://github.com/iterative/dvc/blob/main/tests/unit/fs/test_dvc.py#L138,"    assert fs.isdir(""datadir"")     assert not fs.isdir(""datadir/foo"") "
iterative/dvc,tests/unit/fs/test_dvc.py,142,fs.exists,NOT_EXPLICIT,None,None,test_exists_isdir_isfile_dirty,https://github.com/iterative/dvc/blob/main/tests/unit/fs/test_dvc.py#L142,"    tmp_dir.gen({""datadir"": ""data"", ""datafile"": {""foo"": ""foo"", ""bar"": ""bar""}})     assert fs.exists(""datafile"")     assert fs.exists(""datadir"")"
iterative/dvc,tests/unit/fs/test_dvc.py,143,fs.exists,NOT_EXPLICIT,None,None,test_exists_isdir_isfile_dirty,https://github.com/iterative/dvc/blob/main/tests/unit/fs/test_dvc.py#L143,"    assert fs.exists(""datafile"")     assert fs.exists(""datadir"")     assert not fs.exists(""datadir/foo"")"
iterative/dvc,tests/unit/fs/test_dvc.py,144,fs.exists,NOT_EXPLICIT,None,None,test_exists_isdir_isfile_dirty,https://github.com/iterative/dvc/blob/main/tests/unit/fs/test_dvc.py#L144,"    assert fs.exists(""datadir"")     assert not fs.exists(""datadir/foo"")     assert fs.exists(""datafile/foo"")"
iterative/dvc,tests/unit/fs/test_dvc.py,145,fs.exists,NOT_EXPLICIT,None,None,test_exists_isdir_isfile_dirty,https://github.com/iterative/dvc/blob/main/tests/unit/fs/test_dvc.py#L145,"    assert not fs.exists(""datadir/foo"")     assert fs.exists(""datafile/foo"")     assert not fs.isfile(""datafile"")"
iterative/dvc,tests/unit/fs/test_dvc.py,146,fs.isfile,NOT_EXPLICIT,None,None,test_exists_isdir_isfile_dirty,https://github.com/iterative/dvc/blob/main/tests/unit/fs/test_dvc.py#L146,"    assert fs.exists(""datafile/foo"")     assert not fs.isfile(""datafile"")     assert fs.isfile(""datadir"")"
iterative/dvc,tests/unit/fs/test_dvc.py,147,fs.isfile,NOT_EXPLICIT,None,None,test_exists_isdir_isfile_dirty,https://github.com/iterative/dvc/blob/main/tests/unit/fs/test_dvc.py#L147,"    assert not fs.isfile(""datafile"")     assert fs.isfile(""datadir"")     assert not fs.isfile(""datadir/foo"")"
iterative/dvc,tests/unit/fs/test_dvc.py,148,fs.isfile,NOT_EXPLICIT,None,None,test_exists_isdir_isfile_dirty,https://github.com/iterative/dvc/blob/main/tests/unit/fs/test_dvc.py#L148,"    assert fs.isfile(""datadir"")     assert not fs.isfile(""datadir/foo"")     assert fs.isfile(""datafile/foo"")"
iterative/dvc,tests/unit/fs/test_dvc.py,149,fs.isfile,NOT_EXPLICIT,None,None,test_exists_isdir_isfile_dirty,https://github.com/iterative/dvc/blob/main/tests/unit/fs/test_dvc.py#L149,"    assert not fs.isfile(""datadir/foo"")     assert fs.isfile(""datafile/foo"")     assert fs.isdir(""datafile"")"
iterative/dvc,tests/unit/fs/test_dvc.py,150,fs.isdir,NOT_EXPLICIT,None,None,test_exists_isdir_isfile_dirty,https://github.com/iterative/dvc/blob/main/tests/unit/fs/test_dvc.py#L150,"    assert fs.isfile(""datafile/foo"")     assert fs.isdir(""datafile"")     assert not fs.isdir(""datadir"")"
iterative/dvc,tests/unit/fs/test_dvc.py,151,fs.isdir,NOT_EXPLICIT,None,None,test_exists_isdir_isfile_dirty,https://github.com/iterative/dvc/blob/main/tests/unit/fs/test_dvc.py#L151,"    assert fs.isdir(""datafile"")     assert not fs.isdir(""datadir"")     assert not fs.isdir(""datadir/foo"")"
iterative/dvc,tests/unit/fs/test_dvc.py,152,fs.isdir,NOT_EXPLICIT,None,None,test_exists_isdir_isfile_dirty,https://github.com/iterative/dvc/blob/main/tests/unit/fs/test_dvc.py#L152,"    assert not fs.isdir(""datadir"")     assert not fs.isdir(""datadir/foo"")     assert not fs.isdir(""datafile/foo"")"
iterative/dvc,tests/unit/fs/test_dvc.py,153,fs.isdir,NOT_EXPLICIT,None,None,test_exists_isdir_isfile_dirty,https://github.com/iterative/dvc/blob/main/tests/unit/fs/test_dvc.py#L153,"    assert not fs.isdir(""datadir/foo"")     assert not fs.isdir(""datafile/foo"") "
iterative/dvc,tests/unit/fs/test_dvc.py,162,fs.isdir,NOT_EXPLICIT,None,None,test_isdir_mixed,https://github.com/iterative/dvc/blob/main/tests/unit/fs/test_dvc.py#L162,"    fs = DVCFileSystem(repo=dvc)     assert fs.isdir(""dir"")     assert not fs.isfile(""dir"")"
iterative/dvc,tests/unit/fs/test_dvc.py,163,fs.isfile,NOT_EXPLICIT,None,None,test_isdir_mixed,https://github.com/iterative/dvc/blob/main/tests/unit/fs/test_dvc.py#L163,"    assert fs.isdir(""dir"")     assert not fs.isfile(""dir"") "
iterative/dvc,tests/unit/fs/test_dvc.py,173,fs.ls,NOT_EXPLICIT,None,None,test_ls_dirty,https://github.com/iterative/dvc/blob/main/tests/unit/fs/test_dvc.py#L173,"    fs = DVCFileSystem(repo=dvc)     assert set(fs.ls(""data"")) == {""data/foo"", ""data/bar""} "
iterative/dvc,tests/unit/fs/test_dvc.py,181,fs.ls,NOT_EXPLICIT,None,None,test_ls_file_not_found,https://github.com/iterative/dvc/blob/main/tests/unit/fs/test_dvc.py#L181,"    with pytest.raises(FileNotFoundError):         fs.ls(""missing"") "
iterative/dvc,tests/unit/fs/test_dvc.py,190,fs.ls,NOT_EXPLICIT,None,None,test_ls_dir_empty,https://github.com/iterative/dvc/blob/main/tests/unit/fs/test_dvc.py#L190,"    fs = DVCFileSystem(repo=dvc)     assert set(fs.ls(""empty"")) == set() "
iterative/dvc,tests/unit/fs/test_dvc.py,231,fs.walk,NOT_EXPLICIT,None,None,test_walk,https://github.com/iterative/dvc/blob/main/tests/unit/fs/test_dvc.py#L231,"    actual = []     for root, dirs, files in fs.walk(""dir"", dvcfiles=dvcfiles):         for entry in dirs + files:"
iterative/dvc,tests/unit/fs/test_dvc.py,267,fs.walk,NOT_EXPLICIT,None,None,test_walk_dirty,https://github.com/iterative/dvc/blob/main/tests/unit/fs/test_dvc.py#L267,"    actual = []     for root, dirs, files in fs.walk(""dir""):         for entry in dirs + files:"
iterative/dvc,tests/unit/fs/test_dvc.py,282,fs.walk,NOT_EXPLICIT,None,None,test_walk_dirty_cached_dir,https://github.com/iterative/dvc/blob/main/tests/unit/fs/test_dvc.py#L282,"    actual = []     for root, dirs, files in fs.walk(""data""):         for entry in dirs + files:"
iterative/dvc,tests/unit/fs/test_dvc.py,307,fs.walk,NOT_EXPLICIT,None,None,test_walk_mixed_dir,https://github.com/iterative/dvc/blob/main/tests/unit/fs/test_dvc.py#L307,"    actual = []     for root, dirs, files in fs.walk(""dir""):         for entry in dirs + files:"
iterative/dvc,tests/unit/fs/test_dvc.py,318,fs.walk,NOT_EXPLICIT,None,None,test_walk_missing,https://github.com/iterative/dvc/blob/main/tests/unit/fs/test_dvc.py#L318,"     for _ in fs.walk(""dir""):         pass"
iterative/dvc,tests/unit/fs/test_dvc.py,326,fs.walk,NOT_EXPLICIT,None,None,test_walk_not_a_dir,https://github.com/iterative/dvc/blob/main/tests/unit/fs/test_dvc.py#L326,"     for _ in fs.walk(""foo""):         pass"
iterative/dvc,tests/unit/fs/test_dvc.py,335,fs.isdvc,NOT_EXPLICIT,None,None,test_isdvc,https://github.com/iterative/dvc/blob/main/tests/unit/fs/test_dvc.py#L335,"    fs = DVCFileSystem(repo=dvc)     assert fs.isdvc(""foo"")     assert not fs.isdvc(""bar"")"
iterative/dvc,tests/unit/fs/test_dvc.py,336,fs.isdvc,NOT_EXPLICIT,None,None,test_isdvc,https://github.com/iterative/dvc/blob/main/tests/unit/fs/test_dvc.py#L336,"    assert fs.isdvc(""foo"")     assert not fs.isdvc(""bar"")     assert fs.isdvc(""dir"")"
iterative/dvc,tests/unit/fs/test_dvc.py,337,fs.isdvc,NOT_EXPLICIT,None,None,test_isdvc,https://github.com/iterative/dvc/blob/main/tests/unit/fs/test_dvc.py#L337,"    assert not fs.isdvc(""bar"")     assert fs.isdvc(""dir"")     assert fs.isdvc(""dir/baz"")"
iterative/dvc,tests/unit/fs/test_dvc.py,338,fs.isdvc,NOT_EXPLICIT,None,None,test_isdvc,https://github.com/iterative/dvc/blob/main/tests/unit/fs/test_dvc.py#L338,"    assert fs.isdvc(""dir"")     assert fs.isdvc(""dir/baz"")     assert fs.isdvc(""dir/baz"", recursive=True)"
iterative/dvc,tests/unit/fs/test_dvc.py,339,fs.isdvc,NOT_EXPLICIT,None,None,test_isdvc,https://github.com/iterative/dvc/blob/main/tests/unit/fs/test_dvc.py#L339,"    assert fs.isdvc(""dir/baz"")     assert fs.isdvc(""dir/baz"", recursive=True) "
iterative/dvc,tests/unit/fs/test_dvc.py,375,fs.exists,NOT_EXPLICIT,None,None,test_subrepos,https://github.com/iterative/dvc/blob/main/tests/unit/fs/test_dvc.py#L375,"    )     assert fs.exists(""dir/repo/foo"") is True     assert fs.exists(""dir/repo/bar"") is False"
iterative/dvc,tests/unit/fs/test_dvc.py,376,fs.exists,NOT_EXPLICIT,None,None,test_subrepos,https://github.com/iterative/dvc/blob/main/tests/unit/fs/test_dvc.py#L376,"    assert fs.exists(""dir/repo/foo"") is True     assert fs.exists(""dir/repo/bar"") is False "
iterative/dvc,tests/unit/fs/test_dvc.py,378,fs.isfile,NOT_EXPLICIT,None,None,test_subrepos,https://github.com/iterative/dvc/blob/main/tests/unit/fs/test_dvc.py#L378,"     assert fs.isfile(""dir/repo/foo"") is True     assert fs.isfile(""dir/repo/dir1/bar"") is True"
iterative/dvc,tests/unit/fs/test_dvc.py,379,fs.isfile,NOT_EXPLICIT,None,None,test_subrepos,https://github.com/iterative/dvc/blob/main/tests/unit/fs/test_dvc.py#L379,"    assert fs.isfile(""dir/repo/foo"") is True     assert fs.isfile(""dir/repo/dir1/bar"") is True     assert fs.isfile(""dir/repo/dir1"") is False"
iterative/dvc,tests/unit/fs/test_dvc.py,380,fs.isfile,NOT_EXPLICIT,None,None,test_subrepos,https://github.com/iterative/dvc/blob/main/tests/unit/fs/test_dvc.py#L380,"    assert fs.isfile(""dir/repo/dir1/bar"") is True     assert fs.isfile(""dir/repo/dir1"") is False "
iterative/dvc,tests/unit/fs/test_dvc.py,382,fs.isdir,NOT_EXPLICIT,None,None,test_subrepos,https://github.com/iterative/dvc/blob/main/tests/unit/fs/test_dvc.py#L382,"     assert fs.isdir(""dir/repo/dir1"") is True     assert fs.isdir(""dir/repo/dir1/bar"") is False"
iterative/dvc,tests/unit/fs/test_dvc.py,383,fs.isdir,NOT_EXPLICIT,None,None,test_subrepos,https://github.com/iterative/dvc/blob/main/tests/unit/fs/test_dvc.py#L383,"    assert fs.isdir(""dir/repo/dir1"") is True     assert fs.isdir(""dir/repo/dir1/bar"") is False     assert fs.isdvc(""dir/repo/foo"") is True"
iterative/dvc,tests/unit/fs/test_dvc.py,384,fs.isdvc,NOT_EXPLICIT,None,None,test_subrepos,https://github.com/iterative/dvc/blob/main/tests/unit/fs/test_dvc.py#L384,"    assert fs.isdir(""dir/repo/dir1/bar"") is False     assert fs.isdvc(""dir/repo/foo"") is True     mocker.stop(mock_subrepo1)"
iterative/dvc,tests/unit/fs/test_dvc.py,390,fs.exists,NOT_EXPLICIT,None,None,test_subrepos,https://github.com/iterative/dvc/blob/main/tests/unit/fs/test_dvc.py#L390,"    )     assert fs.exists(""dir/repo2/lorem"") is True     assert fs.exists(""dir/repo2/ipsum"") is False"
iterative/dvc,tests/unit/fs/test_dvc.py,391,fs.exists,NOT_EXPLICIT,None,None,test_subrepos,https://github.com/iterative/dvc/blob/main/tests/unit/fs/test_dvc.py#L391,"    assert fs.exists(""dir/repo2/lorem"") is True     assert fs.exists(""dir/repo2/ipsum"") is False "
iterative/dvc,tests/unit/fs/test_dvc.py,393,fs.isfile,NOT_EXPLICIT,None,None,test_subrepos,https://github.com/iterative/dvc/blob/main/tests/unit/fs/test_dvc.py#L393,"     assert fs.isfile(""dir/repo2/lorem"") is True     assert fs.isfile(""dir/repo2/dir2/ipsum"") is True"
iterative/dvc,tests/unit/fs/test_dvc.py,394,fs.isfile,NOT_EXPLICIT,None,None,test_subrepos,https://github.com/iterative/dvc/blob/main/tests/unit/fs/test_dvc.py#L394,"    assert fs.isfile(""dir/repo2/lorem"") is True     assert fs.isfile(""dir/repo2/dir2/ipsum"") is True     assert fs.isfile(""dir/repo2/dir2"") is False"
iterative/dvc,tests/unit/fs/test_dvc.py,395,fs.isfile,NOT_EXPLICIT,None,None,test_subrepos,https://github.com/iterative/dvc/blob/main/tests/unit/fs/test_dvc.py#L395,"    assert fs.isfile(""dir/repo2/dir2/ipsum"") is True     assert fs.isfile(""dir/repo2/dir2"") is False "
iterative/dvc,tests/unit/fs/test_dvc.py,397,fs.isdir,NOT_EXPLICIT,None,None,test_subrepos,https://github.com/iterative/dvc/blob/main/tests/unit/fs/test_dvc.py#L397,"     assert fs.isdir(""dir/repo2/dir2"") is True     assert fs.isdir(""dir/repo2/dir2/ipsum"") is False"
iterative/dvc,tests/unit/fs/test_dvc.py,398,fs.isdir,NOT_EXPLICIT,None,None,test_subrepos,https://github.com/iterative/dvc/blob/main/tests/unit/fs/test_dvc.py#L398,"    assert fs.isdir(""dir/repo2/dir2"") is True     assert fs.isdir(""dir/repo2/dir2/ipsum"") is False     assert fs.isdvc(""dir/repo2/lorem"") is True"
iterative/dvc,tests/unit/fs/test_dvc.py,399,fs.isdvc,NOT_EXPLICIT,None,None,test_subrepos,https://github.com/iterative/dvc/blob/main/tests/unit/fs/test_dvc.py#L399,"    assert fs.isdir(""dir/repo2/dir2/ipsum"") is False     assert fs.isdvc(""dir/repo2/lorem"") is True     mocker.stop(mock_subrepo2)"
iterative/dvc,tests/unit/fs/test_dvc.py,456,fs.walk,NOT_EXPLICIT,None,None,test_subrepo_walk,https://github.com/iterative/dvc/blob/main/tests/unit/fs/test_dvc.py#L456,"    actual = []     for root, dirs, files in fs.walk(""dir"", dvcfiles=dvcfiles, ignore_subrepos=False):         for entry in dirs + files:"
iterative/dvc,tests/unit/fs/test_dvc.py,491,fs.walk,NOT_EXPLICIT,None,None,test_dvcfs_no_subrepos,https://github.com/iterative/dvc/blob/main/tests/unit/fs/test_dvc.py#L491,"    actual = []     for root, dirs, files in fs.walk(""/"", dvcfiles=True):         for entry in dirs + files:"
iterative/dvc,tests/unit/fs/test_dvc.py,498,fs.isfile,NOT_EXPLICIT,None,None,test_dvcfs_no_subrepos,https://github.com/iterative/dvc/blob/main/tests/unit/fs/test_dvc.py#L498,"     assert fs.isfile(""lorem"") is True     assert fs.isfile(""dir/repo/foo"") is False"
iterative/dvc,tests/unit/fs/test_dvc.py,499,fs.isfile,NOT_EXPLICIT,None,None,test_dvcfs_no_subrepos,https://github.com/iterative/dvc/blob/main/tests/unit/fs/test_dvc.py#L499,"    assert fs.isfile(""lorem"") is True     assert fs.isfile(""dir/repo/foo"") is False     assert fs.isdir(""dir/repo"") is False"
iterative/dvc,tests/unit/fs/test_dvc.py,500,fs.isdir,NOT_EXPLICIT,None,None,test_dvcfs_no_subrepos,https://github.com/iterative/dvc/blob/main/tests/unit/fs/test_dvc.py#L500,"    assert fs.isfile(""dir/repo/foo"") is False     assert fs.isdir(""dir/repo"") is False     assert fs.isdir(""dir"") is True"
iterative/dvc,tests/unit/fs/test_dvc.py,501,fs.isdir,NOT_EXPLICIT,None,None,test_dvcfs_no_subrepos,https://github.com/iterative/dvc/blob/main/tests/unit/fs/test_dvc.py#L501,"    assert fs.isdir(""dir/repo"") is False     assert fs.isdir(""dir"") is True "
iterative/dvc,tests/unit/fs/test_dvc.py,503,fs.isdvc,NOT_EXPLICIT,None,None,test_dvcfs_no_subrepos,https://github.com/iterative/dvc/blob/main/tests/unit/fs/test_dvc.py#L503,"     assert fs.isdvc(""lorem"") is True     assert fs.isdvc(""dir/repo/dir1"") is False"
iterative/dvc,tests/unit/fs/test_dvc.py,504,fs.isdvc,NOT_EXPLICIT,None,None,test_dvcfs_no_subrepos,https://github.com/iterative/dvc/blob/main/tests/unit/fs/test_dvc.py#L504,"    assert fs.isdvc(""lorem"") is True     assert fs.isdvc(""dir/repo/dir1"") is False "
iterative/dvc,tests/unit/fs/test_dvc.py,506,fs.exists,NOT_EXPLICIT,None,None,test_dvcfs_no_subrepos,https://github.com/iterative/dvc/blob/main/tests/unit/fs/test_dvc.py#L506,"     assert fs.exists(""dir/repo.txt"") is True     assert fs.exists(""repo/ipsum"") is False"
iterative/dvc,tests/unit/fs/test_dvc.py,507,fs.exists,NOT_EXPLICIT,None,None,test_dvcfs_no_subrepos,https://github.com/iterative/dvc/blob/main/tests/unit/fs/test_dvc.py#L507,"    assert fs.exists(""dir/repo.txt"") is True     assert fs.exists(""repo/ipsum"") is False "
iterative/dvc,tests/unit/fs/test_dvc.py,514,fs.info,NOT_EXPLICIT,None,None,test_get_hash_cached_file,https://github.com/iterative/dvc/blob/main/tests/unit/fs/test_dvc.py#L514,"    expected = ""acbd18db4cc2f85cedef654fccc4a4d8""     assert fs.info(""foo"").get(""md5"") is None     _, _, obj = build(dvc.cache.local, ""foo"", fs, ""md5"")"
iterative/dvc,tests/unit/fs/test_dvc.py,518,fs.info,NOT_EXPLICIT,None,None,test_get_hash_cached_file,https://github.com/iterative/dvc/blob/main/tests/unit/fs/test_dvc.py#L518,"    (tmp_dir / ""foo"").unlink()     assert fs.info(""foo"")[""md5""] == expected "
iterative/dvc,tests/unit/fs/test_dvc.py,525,fs.info,NOT_EXPLICIT,None,None,test_get_hash_cached_dir,https://github.com/iterative/dvc/blob/main/tests/unit/fs/test_dvc.py#L525,"    expected = ""8761c4e9acad696bee718615e23e22db.dir""     assert fs.info(""dir"").get(""md5"") is None     _, _, obj = build(dvc.cache.local, ""dir"", fs, ""md5"")"
iterative/dvc,tests/unit/fs/test_dvc.py,530,fs.info,NOT_EXPLICIT,None,None,test_get_hash_cached_dir,https://github.com/iterative/dvc/blob/main/tests/unit/fs/test_dvc.py#L530,"    shutil.rmtree(tmp_dir / ""dir"")     assert fs.info(""dir"")[""md5""] == expected     _, _, obj = build(dvc.cache.local, ""dir"", fs, ""md5"")"
iterative/dvc,tests/unit/fs/test_dvc.py,539,fs.info,NOT_EXPLICIT,None,None,test_get_hash_cached_granular,https://github.com/iterative/dvc/blob/main/tests/unit/fs/test_dvc.py#L539,"    subdir = ""dir/subdir""     assert fs.info(subdir).get(""md5"") is None     _, _, obj = build(dvc.cache.local, subdir, fs, ""md5"")"
iterative/dvc,tests/unit/fs/test_dvc.py,542,fs.info,NOT_EXPLICIT,None,None,test_get_hash_cached_granular,https://github.com/iterative/dvc/blob/main/tests/unit/fs/test_dvc.py#L542,"    assert obj.hash_info == HashInfo(""md5"", ""af314506f1622d107e0ed3f14ec1a3b5.dir"")     assert fs.info(posixpath.join(subdir, ""data"")).get(""md5"") is None     _, _, obj = build(dvc.cache.local, posixpath.join(subdir, ""data""), fs, ""md5"")"
iterative/dvc,tests/unit/fs/test_dvc.py,547,fs.info,NOT_EXPLICIT,None,None,test_get_hash_cached_granular,https://github.com/iterative/dvc/blob/main/tests/unit/fs/test_dvc.py#L547,"    assert (         fs.info(posixpath.join(subdir, ""data""))[""md5""]         == ""8d777f385d3dfec8815d20f7496026dc"""
iterative/dvc,tests/unit/fs/test_dvc.py,586,fs.info,NOT_EXPLICIT,None,None,test_get_hash_dirty_file,https://github.com/iterative/dvc/blob/main/tests/unit/fs/test_dvc.py#L586,"    fs = DVCFileSystem(repo=dvc)     assert fs.info(""file"").get(""md5"") is None     staging, _, obj = build(dvc.cache.local, ""file"", fs, ""md5"")"
iterative/dvc,tests/unit/fs/test_dvc.py,593,fs.info,NOT_EXPLICIT,None,None,test_get_hash_dirty_file,https://github.com/iterative/dvc/blob/main/tests/unit/fs/test_dvc.py#L593,"    (tmp_dir / ""file"").unlink()     assert fs.info(""file"")[""md5""] == file_hash_info.value     _, hash_info = hash_file(""file"", fs, ""md5"", state=dvc.state)"
iterative/dvc,tests/unit/fs/test_dvc.py,662,fs.walk,NOT_EXPLICIT,None,None,test_walk_nested_subrepos,https://github.com/iterative/dvc/blob/main/tests/unit/fs/test_dvc.py#L662,"    fs = DVCFileSystem(repo=dvc)     for root, dirs, files in fs.walk(""/"", ignore_subrepos=not traverse_subrepos):         actual[root] = set(dirs + files)"
iterative/dvc,tests/unit/fs/test_dvc.py,669,tokenize,NOT_EXPLICIT,None,None,test_fsid_noscm,https://github.com/iterative/dvc/blob/main/tests/unit/fs/test_dvc.py#L669,"    fs = DVCFileSystem(repo=dvc)     assert fs.fsid == ""dvcfs_"" + tokenize(dvc.root_dir, None) "
iterative/dvc,tests/unit/fs/test_dvc.py,674,tokenize,NOT_EXPLICIT,None,None,test_fsid,https://github.com/iterative/dvc/blob/main/tests/unit/fs/test_dvc.py#L674,"    fs = DVCFileSystem(repo=dvc)     assert fs.fsid == ""dvcfs_"" + tokenize(dvc.root_dir, scm.get_rev())     old_fsid = fs.fsid"
iterative/dvc,tests/unit/fs/test_dvc.py,680,tokenize,NOT_EXPLICIT,None,None,test_fsid,https://github.com/iterative/dvc/blob/main/tests/unit/fs/test_dvc.py#L680,"    assert fs.fsid != old_fsid     assert fs.fsid == ""dvcfs_"" + tokenize(dvc.root_dir, scm.get_rev()) "
iterative/dvc,tests/unit/fs/test_dvc.py,689,tokenize,NOT_EXPLICIT,None,None,test_fsid_url,https://github.com/iterative/dvc/blob/main/tests/unit/fs/test_dvc.py#L689,"        fs = DVCFileSystem(repo=dvc)         assert fs.fsid == ""dvcfs_"" + tokenize(url, erepo_dir.scm.get_rev())         old_fsid = fs.fsid"
iterative/dvc,tests/unit/fs/test_dvc.py,698,tokenize,NOT_EXPLICIT,None,None,test_fsid_url,https://github.com/iterative/dvc/blob/main/tests/unit/fs/test_dvc.py#L698,"        assert fs.fsid != old_fsid         assert fs.fsid == ""dvcfs_"" + tokenize(url, erepo_dir.scm.get_rev()) "
iterative/dvc,tests/unit/fs/test_dvcfs.py,164,LocalFileSystem,NOT_EXPLICIT,None,DVCFixtures,local_fs,https://github.com/iterative/dvc/blob/main/tests/unit/fs/test_dvcfs.py#L164,        # for certain implementations.         return LocalFileSystem(auto_mkdir=True) 
iterative/dvc,tests/unit/fs/test_dvcfs.py,217,fs.get,NOT_EXPLICIT,None,TestDVCFileSystemGet,test_get_file_to_existing_directory,https://github.com/iterative/dvc/blob/main/tests/unit/fs/test_dvcfs.py#L217,"        # Copy from source directory         fs.get(fs_join(source, ""file2""), target)         assert local_fs.isfile(target_file2)"
iterative/dvc,tests/unit/fs/test_dvcfs.py,221,fs.get,NOT_EXPLICIT,None,TestDVCFileSystemGet,test_get_file_to_existing_directory,https://github.com/iterative/dvc/blob/main/tests/unit/fs/test_dvcfs.py#L221,"        # Copy from sub directory         fs.get(fs_join(source, ""subdir"", ""subfile1""), target)         assert local_fs.isfile(target_subfile1)"
iterative/dvc,tests/unit/fs/test_dvcfs.py,230,fs.get,NOT_EXPLICIT,None,TestDVCFileSystemGet,test_get_file_to_existing_directory,https://github.com/iterative/dvc/blob/main/tests/unit/fs/test_dvcfs.py#L230,"        # Repeat with trailing slash on target         fs.get(fs_join(source, ""file2""), target + ""/"")         assert local_fs.isdir(target)"
iterative/dvc,tests/unit/fs/test_dvcfs.py,234,fs.get,NOT_EXPLICIT,None,TestDVCFileSystemGet,test_get_file_to_existing_directory,https://github.com/iterative/dvc/blob/main/tests/unit/fs/test_dvcfs.py#L234,"         fs.get(fs_join(source, ""subdir"", ""subfile1""), target + ""/"")         assert local_fs.isfile(target_subfile1)"
iterative/dvc,tests/unit/fs/test_dvcfs.py,252,fs.get,NOT_EXPLICIT,None,TestDVCFileSystemGet,test_get_file_to_new_directory,https://github.com/iterative/dvc/blob/main/tests/unit/fs/test_dvcfs.py#L252,"         fs.get(             fs_join(source, ""subdir"", ""subfile1""), local_join(target, ""newdir/"")         )  # Note trailing slash "
iterative/dvc,tests/unit/fs/test_dvcfs.py,275,fs.get,NOT_EXPLICIT,None,TestDVCFileSystemGet,test_get_file_to_file_in_existing_directory,https://github.com/iterative/dvc/blob/main/tests/unit/fs/test_dvcfs.py#L275,"         fs.get(fs_join(source, ""subdir"", ""subfile1""), local_join(target, ""newfile""))         assert local_fs.isfile(local_join(target, ""newfile""))"
iterative/dvc,tests/unit/fs/test_dvcfs.py,293,fs.get,NOT_EXPLICIT,None,TestDVCFileSystemGet,test_get_file_to_file_in_new_directory,https://github.com/iterative/dvc/blob/main/tests/unit/fs/test_dvcfs.py#L293,"         fs.get(             fs_join(source, ""subdir"", ""subfile1""),             local_join(target, ""newdir"", ""newfile""),         )         assert local_fs.isdir(local_join(target, ""newdir""))"
iterative/dvc,tests/unit/fs/test_dvcfs.py,323,fs.get,NOT_EXPLICIT,None,TestDVCFileSystemGet,test_get_directory_to_existing_directory,https://github.com/iterative/dvc/blob/main/tests/unit/fs/test_dvcfs.py#L323,"            # Without recursive does nothing             fs.get(s, t)             assert local_fs.ls(target) == []"
iterative/dvc,tests/unit/fs/test_dvcfs.py,327,fs.get,NOT_EXPLICIT,None,TestDVCFileSystemGet,test_get_directory_to_existing_directory,https://github.com/iterative/dvc/blob/main/tests/unit/fs/test_dvcfs.py#L327,"            # With recursive             fs.get(s, t, recursive=True)             if source_slash:"
iterative/dvc,tests/unit/fs/test_dvcfs.py,356,fs.get,NOT_EXPLICIT,None,TestDVCFileSystemGet,test_get_directory_to_existing_directory,https://github.com/iterative/dvc/blob/main/tests/unit/fs/test_dvcfs.py#L356,"            # Limit recursive by maxdepth             fs.get(s, t, recursive=True, maxdepth=1)             if source_slash:"
iterative/dvc,tests/unit/fs/test_dvcfs.py,403,fs.get,NOT_EXPLICIT,None,TestDVCFileSystemGet,test_get_directory_to_new_directory,https://github.com/iterative/dvc/blob/main/tests/unit/fs/test_dvcfs.py#L403,"            # Without recursive does nothing             fs.get(s, t)             assert local_fs.ls(target) == []"
iterative/dvc,tests/unit/fs/test_dvcfs.py,407,fs.get,NOT_EXPLICIT,None,TestDVCFileSystemGet,test_get_directory_to_new_directory,https://github.com/iterative/dvc/blob/main/tests/unit/fs/test_dvcfs.py#L407,"            # With recursive             fs.get(s, t, recursive=True)             assert local_fs.isdir(local_join(target, ""newdir""))"
iterative/dvc,tests/unit/fs/test_dvcfs.py,421,fs.get,NOT_EXPLICIT,None,TestDVCFileSystemGet,test_get_directory_to_new_directory,https://github.com/iterative/dvc/blob/main/tests/unit/fs/test_dvcfs.py#L421,"            # Limit recursive by maxdepth             fs.get(s, t, recursive=True, maxdepth=1)             assert local_fs.isdir(local_join(target, ""newdir""))"
iterative/dvc,tests/unit/fs/test_dvcfs.py,450,fs.get,NOT_EXPLICIT,None,TestDVCFileSystemGet,test_get_glob_to_existing_directory,https://github.com/iterative/dvc/blob/main/tests/unit/fs/test_dvcfs.py#L450,"            # Without recursive             fs.get(fs_join(source, ""subdir"", ""*""), t)             assert local_fs.isfile(local_join(target, ""subfile1""))"
iterative/dvc,tests/unit/fs/test_dvcfs.py,468,fs.get,NOT_EXPLICIT,None,TestDVCFileSystemGet,test_get_glob_to_existing_directory,https://github.com/iterative/dvc/blob/main/tests/unit/fs/test_dvcfs.py#L468,"            for glob, recursive in zip([""*"", ""**""], [True, False]):                 fs.get(fs_join(source, ""subdir"", glob), t, recursive=recursive)                 assert local_fs.isfile(local_join(target, ""subfile1""))"
iterative/dvc,tests/unit/fs/test_dvcfs.py,486,fs.get,NOT_EXPLICIT,None,TestDVCFileSystemGet,test_get_glob_to_existing_directory,https://github.com/iterative/dvc/blob/main/tests/unit/fs/test_dvcfs.py#L486,"                # Limit recursive by maxdepth                 fs.get(                     fs_join(source, ""subdir"", glob), t, recursive=recursive, maxdepth=1                 )                 assert local_fs.isfile(local_join(target, ""subfile1""))"
iterative/dvc,tests/unit/fs/test_dvcfs.py,524,fs.get,NOT_EXPLICIT,None,TestDVCFileSystemGet,test_get_glob_to_new_directory,https://github.com/iterative/dvc/blob/main/tests/unit/fs/test_dvcfs.py#L524,"            # Without recursive             fs.get(fs_join(source, ""subdir"", ""*""), t)             assert local_fs.isdir(local_join(target, ""newdir""))"
iterative/dvc,tests/unit/fs/test_dvcfs.py,540,fs.get,NOT_EXPLICIT,None,TestDVCFileSystemGet,test_get_glob_to_new_directory,https://github.com/iterative/dvc/blob/main/tests/unit/fs/test_dvcfs.py#L540,"            for glob, recursive in zip([""*"", ""**""], [True, False]):                 fs.get(fs_join(source, ""subdir"", glob), t, recursive=recursive)                 assert local_fs.isdir(local_join(target, ""newdir""))"
iterative/dvc,tests/unit/fs/test_dvcfs.py,555,fs.get,NOT_EXPLICIT,None,TestDVCFileSystemGet,test_get_glob_to_new_directory,https://github.com/iterative/dvc/blob/main/tests/unit/fs/test_dvcfs.py#L555,"                # Limit recursive by maxdepth                 fs.get(                     fs_join(source, ""subdir"", glob), t, recursive=recursive, maxdepth=1                 )                 assert local_fs.isdir(local_join(target, ""newdir""))"
iterative/dvc,tests/unit/fs/test_dvcfs.py,596,fs.get,NOT_EXPLICIT,None,TestDVCFileSystemGet,test_get_glob_edge_cases,https://github.com/iterative/dvc/blob/main/tests/unit/fs/test_dvcfs.py#L596,"             fs.get(fs_join(source, path), t, recursive=recursive, maxdepth=maxdepth) "
iterative/dvc,tests/unit/fs/test_dvcfs.py,601,make_path_posix,NOT_EXPLICIT,None,TestDVCFileSystemGet,test_get_glob_edge_cases,https://github.com/iterative/dvc/blob/main/tests/unit/fs/test_dvcfs.py#L601,"                prefixed_expected = [                     make_path_posix(local_join(target, ""newdir"", p)) for p in expected                 ]"
iterative/dvc,tests/unit/fs/test_dvcfs.py,605,make_path_posix,NOT_EXPLICIT,None,TestDVCFileSystemGet,test_get_glob_edge_cases,https://github.com/iterative/dvc/blob/main/tests/unit/fs/test_dvcfs.py#L605,"                prefixed_expected = [                     make_path_posix(local_join(target, p)) for p in expected                 ]"
iterative/dvc,tests/unit/fs/test_dvcfs.py,638,fs.get,NOT_EXPLICIT,None,TestDVCFileSystemGet,test_get_list_of_files_to_existing_directory,https://github.com/iterative/dvc/blob/main/tests/unit/fs/test_dvcfs.py#L638,"             fs.get(source_files, t)             assert local_fs.isfile(local_join(target, ""file1""))"
iterative/dvc,tests/unit/fs/test_dvcfs.py,674,fs.get,NOT_EXPLICIT,None,TestDVCFileSystemGet,test_get_list_of_files_to_new_directory,https://github.com/iterative/dvc/blob/main/tests/unit/fs/test_dvcfs.py#L674,"         fs.get(source_files, local_join(target, ""newdir"") + ""/"")  # Note trailing slash         assert local_fs.isdir(local_join(target, ""newdir""))"
iterative/dvc,tests/unit/fs/test_dvcfs.py,689,fs.get,NOT_EXPLICIT,None,TestDVCFileSystemGet,test_get_directory_recursive,https://github.com/iterative/dvc/blob/main/tests/unit/fs/test_dvcfs.py#L689,"        for loop in range(2):             fs.get(src, target, recursive=True)             assert local_fs.isdir(target)"
iterative/dvc,tests/unit/fs/test_dvcfs.py,705,fs.get,NOT_EXPLICIT,None,TestDVCFileSystemGet,test_get_directory_recursive,https://github.com/iterative/dvc/blob/main/tests/unit/fs/test_dvcfs.py#L705,"        for _ in range(2):             fs.get(src + ""/"", target, recursive=True)             assert local_fs.isdir(target)"
iterative/dvc,tests/unit/fs/test_dvcfs.py,724,fs.get,NOT_EXPLICIT,None,TestDVCFileSystemGet,test_get_directory_without_files_with_same_name_prefix,https://github.com/iterative/dvc/blob/main/tests/unit/fs/test_dvcfs.py#L724,"        # Test without glob         fs.get(fs_join(source, ""subdir""), target, recursive=True) "
iterative/dvc,tests/unit/fs/test_dvcfs.py,733,fs.get,NOT_EXPLICIT,None,TestDVCFileSystemGet,test_get_directory_without_files_with_same_name_prefix,https://github.com/iterative/dvc/blob/main/tests/unit/fs/test_dvcfs.py#L733,"        # Test with glob         fs.get(fs_join(source, ""subdir*""), target, recursive=True) "
iterative/dvc,tests/unit/fs/test_dvcfs.py,759,make_path_posix,NOT_EXPLICIT,None,TestDVCFileSystemGet,test_get_with_source_and_destination_as_list,https://github.com/iterative/dvc/blob/main/tests/unit/fs/test_dvcfs.py#L759,"            destination_files.append(                 make_path_posix(local_join(target, f""{hashed_i}.txt""))             )"
iterative/dvc,tests/unit/fs/test_dvcfs.py,763,fs.get,NOT_EXPLICIT,None,TestDVCFileSystemGet,test_get_with_source_and_destination_as_list,https://github.com/iterative/dvc/blob/main/tests/unit/fs/test_dvcfs.py#L763,"        # Copy and assert order was kept         fs.get(rpath=source_files, lpath=destination_files) "
iterative/dvc,tests/unit/fs/test_dvcfs.py,785,fs.get,NOT_EXPLICIT,None,None,test_maxdepth,https://github.com/iterative/dvc/blob/main/tests/unit/fs/test_dvcfs.py#L785,"    fs = DVCFileSystem(tmp_dir)     fs.get(""dir"", ""dir1"", recursive=True, maxdepth=1)     assert (tmp_dir / ""dir1"").read_text() == {""file1"": ""file1""}"
iterative/dvc,tests/unit/fs/test_dvcfs.py,788,fs.get,NOT_EXPLICIT,None,None,test_maxdepth,https://github.com/iterative/dvc/blob/main/tests/unit/fs/test_dvcfs.py#L788,"     fs.get(""dir"", ""dir2"", recursive=True, maxdepth=2)     assert (tmp_dir / ""dir2"").read_text() == {"
iterative/dvc,tests/unit/fs/test_dvcfs.py,794,fs.get,NOT_EXPLICIT,None,None,test_maxdepth,https://github.com/iterative/dvc/blob/main/tests/unit/fs/test_dvcfs.py#L794,"     fs.get(""dir"", ""dir3"", recursive=True, maxdepth=3)     assert (tmp_dir / ""dir3"").read_text() == {"
iterative/dvc,tests/unit/fs/test_dvcfs.py,800,fs.get,NOT_EXPLICIT,None,None,test_maxdepth,https://github.com/iterative/dvc/blob/main/tests/unit/fs/test_dvcfs.py#L800,"     fs.get(""dir"", ""dir4"", recursive=True, maxdepth=4)     assert (tmp_dir / ""dir4"").read_text() == {"
iterative/dvc,tests/unit/remote/test_remote.py,52,fs.makedirs,NOT_EXPLICIT,None,None,test_makedirs_not_create_for_top_level_path,https://github.com/iterative/dvc/blob/main/tests/unit/remote/test_remote.py#L52,     fs.makedirs(url)     assert not mocked_client.called
iterative/dvc,tests/unit/utils/test_fs.py,70,self.fs.contains_symlink_up_to,NOT_EXPLICIT,None,None,test_should_call_recursive_on_no_condition_matched,https://github.com/iterative/dvc/blob/main/tests/unit/utils/test_fs.py#L70,"    # call from full path to match contains_symlink_spy patch path     assert not dvc.utils.fs.contains_symlink_up_to(os.path.join(""foo"", ""path""), ""foo"")     assert contains_symlink_spy.mock.call_count == 2"
kedro-org/kedro,kedro/config/omegaconf_config.py,397,fsspec.filesystem,NOT_EXPLICIT,None,OmegaConfigLoader,_initialise_filesystem_and_protocol,https://github.com/kedro-org/kedro/blob/main/kedro/config/omegaconf_config.py#L397,"        if file_mimetype == ""application/x-tar"":             return fsspec.filesystem(protocol=""tar"", fo=conf_source), ""tar""         elif file_mimetype in ("
kedro-org/kedro,kedro/config/omegaconf_config.py,403,fsspec.filesystem,NOT_EXPLICIT,None,OmegaConfigLoader,_initialise_filesystem_and_protocol,https://github.com/kedro-org/kedro/blob/main/kedro/config/omegaconf_config.py#L403,"        ):             return fsspec.filesystem(protocol=""zip"", fo=conf_source), ""zip"" "
kedro-org/kedro,kedro/config/omegaconf_config.py,412,fsspec.filesystem,NOT_EXPLICIT,None,OmegaConfigLoader,_initialise_filesystem_and_protocol,https://github.com/kedro-org/kedro/blob/main/kedro/config/omegaconf_config.py#L412,"            # For HTTP and cloud storage protocols, create the appropriate filesystem             return fsspec.filesystem(protocol=protocol), protocol         else:"
kedro-org/kedro,kedro/config/omegaconf_config.py,415,fsspec.filesystem,NOT_EXPLICIT,None,OmegaConfigLoader,_initialise_filesystem_and_protocol,https://github.com/kedro-org/kedro/blob/main/kedro/config/omegaconf_config.py#L415,"            # Default to local filesystem             return fsspec.filesystem(protocol=""file"", fo=conf_source), ""file"" "
kedro-org/kedro,tests/io/test_core.py,86,fsspec.filesystem,NOT_EXPLICIT,None,MyVersionedDataset,__init__,https://github.com/kedro-org/kedro/blob/main/tests/io/test_core.py#L86,"        self._protocol = protocol         self._fs = fsspec.filesystem(self._protocol, **_fs_args) "
kedro-org/kedro,tests/io/test_core.py,130,fsspec.filesystem,NOT_EXPLICIT,None,MyLocalVersionedDataset,__init__,https://github.com/kedro-org/kedro/blob/main/tests/io/test_core.py#L130,"        self._protocol = protocol         self._fs = fsspec.filesystem(self._protocol, **_fs_args) "
kedro-org/kedro,tests/io/test_core.py,827,fsspec.filesystem,NOT_EXPLICIT,None,MyLegacyVersionedDataset,__init__,https://github.com/kedro-org/kedro/blob/main/tests/io/test_core.py#L827,"        self._protocol = protocol         self._fs = fsspec.filesystem(self._protocol, **_fs_args) "
kedro-org/kedro,tests/io/test_data_catalog.py,580,self.filesystem.assert_called_with,NOT_EXPLICIT,None,TestDataCatalogFromConfig,test_link_credentials,https://github.com/kedro-org/kedro/blob/main/tests/io/test_data_catalog.py#L580,"            expected_client_kwargs = correct_config[""credentials""][""s3_credentials""]             mock_client.filesystem.assert_called_with(""s3"", **expected_client_kwargs) "
kedro-org/kedro,tests/io/test_data_catalog.py,599,self.filesystem.assert_called_once_with,NOT_EXPLICIT,None,TestDataCatalogFromConfig,test_nested_credentials,https://github.com/kedro-org/kedro/blob/main/tests/io/test_data_catalog.py#L599,"            }             mock_client.filesystem.assert_called_once_with(                 ""s3"", **expected_client_kwargs             ) "
huggingface/datasets,src/datasets/arrow_dataset.py,1851,url_to_fs,NOT_EXPLICIT,None,Dataset,save_to_disk,https://github.com/huggingface/datasets/blob/main/src/datasets/arrow_dataset.py#L1851,"        fs: fsspec.AbstractFileSystem         fs, _ = url_to_fs(dataset_path, **(storage_options or {})) "
huggingface/datasets,src/datasets/arrow_dataset.py,1863,fs.makedirs,NOT_EXPLICIT,None,Dataset,save_to_disk,https://github.com/huggingface/datasets/blob/main/src/datasets/arrow_dataset.py#L1863,"         fs.makedirs(dataset_path, exist_ok=True) "
huggingface/datasets,src/datasets/arrow_dataset.py,1931,fs.open,NOT_EXPLICIT,None,Dataset,save_to_disk,https://github.com/huggingface/datasets/blob/main/src/datasets/arrow_dataset.py#L1931,"                            pbar.update(content)         with fs.open(             posixpath.join(dataset_path, config.DATASET_STATE_JSON_FILENAME), ""w"", encoding=""utf-8""         ) as state_file:             json.dump(state, state_file, indent=2, sort_keys=True)"
huggingface/datasets,src/datasets/arrow_dataset.py,1935,fs.open,NOT_EXPLICIT,None,Dataset,save_to_disk,https://github.com/huggingface/datasets/blob/main/src/datasets/arrow_dataset.py#L1935,"            json.dump(state, state_file, indent=2, sort_keys=True)         with fs.open(             posixpath.join(dataset_path, config.DATASET_INFO_FILENAME), ""w"", encoding=""utf-8""         ) as dataset_info_file:             # Sort only the first level of keys, or we might shuffle fields of nested features if we use sort_keys=True"
huggingface/datasets,src/datasets/arrow_dataset.py,2022,url_to_fs,NOT_EXPLICIT,None,Dataset,load_from_disk,https://github.com/huggingface/datasets/blob/main/src/datasets/arrow_dataset.py#L2022,"        fs: fsspec.AbstractFileSystem         fs, dataset_path = url_to_fs(dataset_path, **(storage_options or {})) "
huggingface/datasets,src/datasets/arrow_dataset.py,2029,fs.isfile,NOT_EXPLICIT,None,Dataset,load_from_disk,https://github.com/huggingface/datasets/blob/main/src/datasets/arrow_dataset.py#L2029,         dataset_dict_is_file = fs.isfile(dataset_dict_json_path)         dataset_info_is_file = fs.isfile(dataset_info_path)
huggingface/datasets,src/datasets/arrow_dataset.py,2030,fs.isfile,NOT_EXPLICIT,None,Dataset,load_from_disk,https://github.com/huggingface/datasets/blob/main/src/datasets/arrow_dataset.py#L2030,        dataset_dict_is_file = fs.isfile(dataset_dict_json_path)         dataset_info_is_file = fs.isfile(dataset_info_path)         dataset_state_is_file = fs.isfile(dataset_state_json_path)
huggingface/datasets,src/datasets/arrow_dataset.py,2031,fs.isfile,NOT_EXPLICIT,None,Dataset,load_from_disk,https://github.com/huggingface/datasets/blob/main/src/datasets/arrow_dataset.py#L2031,        dataset_info_is_file = fs.isfile(dataset_info_path)         dataset_state_is_file = fs.isfile(dataset_state_json_path)         if not dataset_info_is_file and not dataset_state_is_file:
huggingface/datasets,src/datasets/arrow_dataset.py,2061,fs.download,NOT_EXPLICIT,None,Dataset,load_from_disk,https://github.com/huggingface/datasets/blob/main/src/datasets/arrow_dataset.py#L2061,"            dest_dataset_path = Dataset._build_local_temp_path(src_dataset_path)             fs.download(src_dataset_path, dest_dataset_path.as_posix(), recursive=True)             dataset_state_json_path = posixpath.join(dest_dataset_path, config.DATASET_STATE_JSON_FILENAME)"
huggingface/datasets,src/datasets/arrow_dataset.py,6754,DirFileSystem,NOT_EXPLICIT,None,None,_push_to_repo,https://github.com/huggingface/datasets/blob/main/src/datasets/arrow_dataset.py#L6754,"        hffs = HfFileSystem(endpoint=config.HF_ENDPOINT, token=token)         dirfs = DirFileSystem(fs=hffs, path=hf_path) "
huggingface/datasets,src/datasets/arrow_dataset.py,6844,DirFileSystem,NOT_EXPLICIT,None,None,_push_to_bucket,https://github.com/huggingface/datasets/blob/main/src/datasets/arrow_dataset.py#L6844,"    hffs = HfFileSystem(endpoint=config.HF_ENDPOINT, token=token)     dirfs = DirFileSystem(fs=hffs, path=hf_path) "
huggingface/datasets,src/datasets/arrow_dataset.py,6911,fs.read_text,NOT_EXPLICIT,None,None,_get_updated_dataset_card,https://github.com/huggingface/datasets/blob/main/src/datasets/arrow_dataset.py#L6911,"    try:         legacy_dataset_info: dict = json.loads(fs.read_text(config.DATASETDICT_INFOS_FILENAME, encoding=""utf-8"")).get(             config_name, None"
huggingface/datasets,src/datasets/arrow_dataset.py,6920,fs.read_text,NOT_EXPLICIT,None,None,_get_updated_dataset_card,https://github.com/huggingface/datasets/blob/main/src/datasets/arrow_dataset.py#L6920,"    try:         dataset_card = DatasetCard(fs.read_text(config.REPOCARD_FILENAME, newline="""", encoding=""utf-8""))         dataset_card_data = dataset_card.data"
huggingface/datasets,src/datasets/arrow_dataset.py,6966,fs.glob,NOT_EXPLICIT,None,None,_get_updated_dataset_card,https://github.com/huggingface/datasets/blob/main/src/datasets/arrow_dataset.py#L6966,"    pattern = glob_pattern_to_regex(PUSH_TO_HUB_WITHOUT_METADATA_CONFIGS_SPLIT_PATTERN_SHARDED)     for file_path in fs.glob(PUSH_TO_HUB_WITHOUT_METADATA_CONFIGS_SPLIT_PATTERN_SHARDED.replace(""{split}"", ""*"")):         split_pattern_fields = string_to_dict(file_path, pattern)"
huggingface/datasets,src/datasets/arrow_dataset.py,7019,fs.read_text,NOT_EXPLICIT,None,None,_get_updated_dataset_card,https://github.com/huggingface/datasets/blob/main/src/datasets/arrow_dataset.py#L7019,"    if legacy_dataset_info:         legacy_dataset_infos: dict = json.loads(fs.read_text(config.DATASETDICT_INFOS_FILENAME, encoding=""utf-8""))         legacy_dataset_infos[config_name] = asdict(info_to_dump)"
huggingface/datasets,src/datasets/arrow_writer.py,521,url_to_fs,NOT_EXPLICIT,None,ArrowWriter,__init__,https://github.com/huggingface/datasets/blob/main/src/datasets/arrow_writer.py#L521,"        if stream is None:             fs, path = url_to_fs(path, **(storage_options or {}))             self._fs: fsspec.AbstractFileSystem = fs"
huggingface/datasets,src/datasets/builder.py,422,fsspec.filesystem,NOT_EXPLICIT,None,DatasetBuilder,__init__,https://github.com/huggingface/datasets/blob/main/src/datasets/builder.py#L422,"        self._output_dir = self._cache_dir         self._fs: fsspec.AbstractFileSystem = fsspec.filesystem(""file"") "
huggingface/datasets,src/datasets/builder.py,789,url_to_fs,NOT_EXPLICIT,None,DatasetBuilder,download_and_prepare,https://github.com/huggingface/datasets/blob/main/src/datasets/builder.py#L789,"        # output_dir can be a remote bucket on GCS or S3         fs, output_dir = url_to_fs(output_dir, **(storage_options or {}))         self._fs = fs"
huggingface/datasets,src/datasets/data_files.py,356,url_to_fs,NOT_EXPLICIT,None,None,resolve_pattern,https://github.com/huggingface/datasets/blob/main/src/datasets/data_files.py#L356,"    pattern, storage_options = _prepare_path_and_storage_options(pattern, download_config=download_config)     fs, fs_pattern = url_to_fs(pattern, **storage_options)     files_to_ignore = set(FILES_TO_IGNORE) - {xbasename(pattern)}"
huggingface/datasets,src/datasets/data_files.py,372,fs.glob,NOT_EXPLICIT,None,None,resolve_pattern,https://github.com/huggingface/datasets/blob/main/src/datasets/data_files.py#L372,"    matched_paths = []     for filepath, info in fs.glob(fs_pattern, detail=True, **glob_kwargs).items():         if not (info[""type""] == ""file"" or (info.get(""islink"") and os.path.isfile(os.path.realpath(filepath)))) or ("
huggingface/datasets,src/datasets/data_files.py,509,url_to_fs,NOT_EXPLICIT,None,None,_get_single_origin_metadata,https://github.com/huggingface/datasets/blob/main/src/datasets/data_files.py#L509,"        data_file, storage_options = _prepare_path_and_storage_options(data_file, download_config=download_config)         fs, fs_path = url_to_fs(data_file, **storage_options)     if isinstance(fs, HfFileSystem):"
huggingface/datasets,src/datasets/data_files.py,511,fs.resolve_path,NOT_EXPLICIT,None,None,_get_single_origin_metadata,https://github.com/huggingface/datasets/blob/main/src/datasets/data_files.py#L511,"    if isinstance(fs, HfFileSystem):         resolved_path = fs.resolve_path(fs_path)         if hasattr(resolved_path, ""revision""):  # no revision for buckets"
huggingface/datasets,src/datasets/data_files.py,514,fs.info,NOT_EXPLICIT,None,None,_get_single_origin_metadata,https://github.com/huggingface/datasets/blob/main/src/datasets/data_files.py#L514,"            return resolved_path.repo_id, resolved_path.revision     info = fs.info(fs_path)     # s3fs uses ""ETag"", gcsfs uses ""etag"", and for local we simply check mtime"
huggingface/datasets,src/datasets/dataset_dict.py,1359,url_to_fs,NOT_EXPLICIT,None,DatasetDict,save_to_disk,https://github.com/huggingface/datasets/blob/main/src/datasets/dataset_dict.py#L1359,"        fs: fsspec.AbstractFileSystem         fs, _ = url_to_fs(dataset_dict_path, **(storage_options or {})) "
huggingface/datasets,src/datasets/dataset_dict.py,1368,fs.makedirs,NOT_EXPLICIT,None,DatasetDict,save_to_disk,https://github.com/huggingface/datasets/blob/main/src/datasets/dataset_dict.py#L1368,"         fs.makedirs(dataset_dict_path, exist_ok=True) "
huggingface/datasets,src/datasets/dataset_dict.py,1370,fs.open,NOT_EXPLICIT,None,DatasetDict,save_to_disk,https://github.com/huggingface/datasets/blob/main/src/datasets/dataset_dict.py#L1370,"         with fs.open(             posixpath.join(dataset_dict_path, config.DATASETDICT_JSON_FILENAME),             ""w"",             encoding=""utf-8"",         ) as f:             json.dump({""splits"": list(self)}, f)"
huggingface/datasets,src/datasets/dataset_dict.py,1418,url_to_fs,NOT_EXPLICIT,None,DatasetDict,load_from_disk,https://github.com/huggingface/datasets/blob/main/src/datasets/dataset_dict.py#L1418,"        fs: fsspec.AbstractFileSystem         fs, dataset_dict_path = url_to_fs(dataset_dict_path, **(storage_options or {})) "
huggingface/datasets,src/datasets/dataset_dict.py,1423,fs.isfile,NOT_EXPLICIT,None,DatasetDict,load_from_disk,https://github.com/huggingface/datasets/blob/main/src/datasets/dataset_dict.py#L1423,"        dataset_info_path = posixpath.join(dataset_dict_path, config.DATASET_INFO_FILENAME)         if not fs.isfile(dataset_dict_json_path):             if fs.isfile(dataset_info_path) and fs.isfile(dataset_state_json_path):"
huggingface/datasets,src/datasets/dataset_dict.py,1424,fs.isfile,NOT_EXPLICIT,None,DatasetDict,load_from_disk,https://github.com/huggingface/datasets/blob/main/src/datasets/dataset_dict.py#L1424,        if not fs.isfile(dataset_dict_json_path):             if fs.isfile(dataset_info_path) and fs.isfile(dataset_state_json_path):                 raise FileNotFoundError(
huggingface/datasets,src/datasets/dataset_dict.py,1424,fs.isfile,NOT_EXPLICIT,None,DatasetDict,load_from_disk,https://github.com/huggingface/datasets/blob/main/src/datasets/dataset_dict.py#L1424,        if not fs.isfile(dataset_dict_json_path):             if fs.isfile(dataset_info_path) and fs.isfile(dataset_state_json_path):                 raise FileNotFoundError(
huggingface/datasets,src/datasets/dataset_dict.py,1432,fs.open,NOT_EXPLICIT,None,DatasetDict,load_from_disk,https://github.com/huggingface/datasets/blob/main/src/datasets/dataset_dict.py#L1432,"         with fs.open(dataset_dict_json_path, ""r"", encoding=""utf-8"") as f:             splits = json.load(f)[""splits""]"
huggingface/datasets,src/datasets/dataset_dict.py,1437,fs.unstrip_protocol,NOT_EXPLICIT,None,DatasetDict,load_from_disk,https://github.com/huggingface/datasets/blob/main/src/datasets/dataset_dict.py#L1437,"        for k in splits:             dataset_dict_split_path = posixpath.join(fs.unstrip_protocol(dataset_dict_path), k)             dataset_dict[k] = Dataset.load_from_disk("
huggingface/datasets,src/datasets/dataset_dict.py,2626,DirFileSystem,NOT_EXPLICIT,None,None,_push_to_repo,https://github.com/huggingface/datasets/blob/main/src/datasets/dataset_dict.py#L2626,"        hffs = HfFileSystem(endpoint=config.HF_ENDPOINT, token=token)         dirfs = DirFileSystem(fs=hffs, path=hf_path) "
huggingface/datasets,src/datasets/dataset_dict.py,2713,DirFileSystem,NOT_EXPLICIT,None,None,_push_to_bucket,https://github.com/huggingface/datasets/blob/main/src/datasets/dataset_dict.py#L2713,"    hffs = HfFileSystem(endpoint=config.HF_ENDPOINT, token=token)     dirfs = DirFileSystem(fs=hffs, path=hf_path) "
huggingface/datasets,src/datasets/download/download_manager.py,196,url_to_fs,NOT_EXPLICIT,None,DownloadManager,_download_batched,https://github.com/huggingface/datasets/blob/main/src/datasets/download/download_manager.py#L196,"                path = url_or_path_join(self._base_path, path)             fs, path = url_to_fs(path, **download_config.storage_options)             size = 0"
huggingface/datasets,src/datasets/download/download_manager.py,199,fs.info,NOT_EXPLICIT,None,DownloadManager,_download_batched,https://github.com/huggingface/datasets/blob/main/src/datasets/download/download_manager.py#L199,"            try:                 size = fs.info(path).get(""size"", 0)             except Exception:"
huggingface/datasets,src/datasets/filesystems/__init__.py,27,fsspec.register_implementation,NOT_EXPLICIT,None,None,global,https://github.com/huggingface/datasets/blob/main/src/datasets/filesystems/__init__.py#L27,"        warnings.warn(f""A filesystem protocol was already set for {fs_class.protocol} and will be overwritten."")     fsspec.register_implementation(fs_class.protocol, fs_class, clobber=True)     for extension in fs_class.extensions:"
huggingface/datasets,src/datasets/filesystems/__init__.py,50,fs._strip_protocol,NOT_EXPLICIT,None,None,rename,https://github.com/huggingface/datasets/blob/main/src/datasets/filesystems/__init__.py#L50,"        # LocalFileSystem.mv does copy + rm, it is more efficient to simply move a local directory         shutil.move(fs._strip_protocol(src), fs._strip_protocol(dst))     else:"
huggingface/datasets,src/datasets/filesystems/__init__.py,50,fs._strip_protocol,NOT_EXPLICIT,None,None,rename,https://github.com/huggingface/datasets/blob/main/src/datasets/filesystems/__init__.py#L50,"        # LocalFileSystem.mv does copy + rm, it is more efficient to simply move a local directory         shutil.move(fs._strip_protocol(src), fs._strip_protocol(dst))     else:"
huggingface/datasets,src/datasets/filesystems/__init__.py,52,fs.mv,NOT_EXPLICIT,None,None,rename,https://github.com/huggingface/datasets/blob/main/src/datasets/filesystems/__init__.py#L52,"    else:         fs.mv(src, dst, recursive=True)"
huggingface/datasets,src/datasets/filesystems/compression.py,66,self.fs.info,NOT_EXPLICIT,None,BaseCompressedFileFileSystem,_get_dirs,https://github.com/huggingface/datasets/blob/main/src/datasets/filesystems/compression.py#L66,"        if self.dir_cache is None:             f = {**self._open_with_fsspec().fs.info(self.fo), ""name"": self.uncompressed_name}             self.dir_cache = {f[""name""]: f}"
huggingface/datasets,src/datasets/hub.py,44,fs.resolve_path,NOT_EXPLICIT,None,None,delete_from_hub,https://github.com/huggingface/datasets/blob/main/src/datasets/hub.py#L44,    for data_file in chain(*builder.config.data_files.values()):         data_file_resolved_path = fs.resolve_path(data_file)         if data_file_resolved_path.repo_id == repo_id:
huggingface/datasets,src/datasets/info.py,208,url_to_fs,NOT_EXPLICIT,None,DatasetInfo,write_to_directory,https://github.com/huggingface/datasets/blob/main/src/datasets/info.py#L208,"        fs: fsspec.AbstractFileSystem         fs, *_ = url_to_fs(dataset_info_dir, **(storage_options or {}))         with fs.open(posixpath.join(dataset_info_dir, config.DATASET_INFO_FILENAME), ""wb"") as f:"
huggingface/datasets,src/datasets/info.py,209,fs.open,NOT_EXPLICIT,None,DatasetInfo,write_to_directory,https://github.com/huggingface/datasets/blob/main/src/datasets/info.py#L209,"        fs, *_ = url_to_fs(dataset_info_dir, **(storage_options or {}))         with fs.open(posixpath.join(dataset_info_dir, config.DATASET_INFO_FILENAME), ""wb"") as f:             self._dump_info(f, pretty_print=pretty_print)"
huggingface/datasets,src/datasets/info.py,212,fs.open,NOT_EXPLICIT,None,DatasetInfo,write_to_directory,https://github.com/huggingface/datasets/blob/main/src/datasets/info.py#L212,"        if self.license:             with fs.open(posixpath.join(dataset_info_dir, config.LICENSE_FILENAME), ""wb"") as f:                 self._dump_license(f)"
huggingface/datasets,src/datasets/info.py,273,url_to_fs,NOT_EXPLICIT,None,DatasetInfo,from_directory,https://github.com/huggingface/datasets/blob/main/src/datasets/info.py#L273,"        fs: fsspec.AbstractFileSystem         fs, *_ = url_to_fs(dataset_info_dir, **(storage_options or {}))         logger.debug(f""Loading Dataset info from {dataset_info_dir}"")"
huggingface/datasets,src/datasets/info.py,277,fs.open,NOT_EXPLICIT,None,DatasetInfo,from_directory,https://github.com/huggingface/datasets/blob/main/src/datasets/info.py#L277,"            raise ValueError(""Calling DatasetInfo.from_directory() with undefined dataset_info_dir."")         with fs.open(posixpath.join(dataset_info_dir, config.DATASET_INFO_FILENAME), ""r"", encoding=""utf-8"") as f:             dataset_info_dict = json.load(f)"
huggingface/datasets,src/datasets/io/csv.py,94,fsspec.open,NOT_EXPLICIT,None,CsvDatasetWriter,write,https://github.com/huggingface/datasets/blob/main/src/datasets/io/csv.py#L94,"        if isinstance(self.path_or_buf, (str, bytes, os.PathLike)):             with fsspec.open(self.path_or_buf, ""wb"", **(self.storage_options or {})) as buffer:                 written = self._write(file_obj=buffer, header=header, index=index, **self.to_csv_kwargs)"
huggingface/datasets,src/datasets/io/json.py,113,fsspec.open,NOT_EXPLICIT,None,JsonDatasetWriter,write,https://github.com/huggingface/datasets/blob/main/src/datasets/io/json.py#L113,"        if isinstance(self.path_or_buf, (str, bytes, os.PathLike)):             with fsspec.open(                 self.path_or_buf, ""wb"", compression=compression, **(self.storage_options or {})             ) as buffer:                 written = self._write(file_obj=buffer, orient=orient, lines=lines, **self.to_json_kwargs)"
huggingface/datasets,src/datasets/io/parquet.py,100,fsspec.open,NOT_EXPLICIT,None,ParquetDatasetWriter,write,https://github.com/huggingface/datasets/blob/main/src/datasets/io/parquet.py#L100,"        if isinstance(self.path_or_buf, (str, bytes, os.PathLike)):             with fsspec.open(self.path_or_buf, ""wb"", **(self.storage_options or {})) as buffer:                 written = self._write("
huggingface/datasets,src/datasets/load.py,1768,url_to_fs,NOT_EXPLICIT,None,None,load_from_disk,https://github.com/huggingface/datasets/blob/main/src/datasets/load.py#L1768,"    fs: fsspec.AbstractFileSystem     fs, *_ = url_to_fs(dataset_path, **(storage_options or {}))     if not fs.exists(dataset_path):"
huggingface/datasets,src/datasets/load.py,1769,fs.exists,NOT_EXPLICIT,None,None,load_from_disk,https://github.com/huggingface/datasets/blob/main/src/datasets/load.py#L1769,"    fs, *_ = url_to_fs(dataset_path, **(storage_options or {}))     if not fs.exists(dataset_path):         raise FileNotFoundError(f""Directory {dataset_path} not found"")"
huggingface/datasets,src/datasets/load.py,1771,fs.isfile,NOT_EXPLICIT,None,None,load_from_disk,https://github.com/huggingface/datasets/blob/main/src/datasets/load.py#L1771,"        raise FileNotFoundError(f""Directory {dataset_path} not found"")     if fs.isfile(posixpath.join(dataset_path, config.DATASET_INFO_FILENAME)) and fs.isfile(         posixpath.join(dataset_path, config.DATASET_STATE_JSON_FILENAME)"
huggingface/datasets,src/datasets/load.py,1771,fs.isfile,NOT_EXPLICIT,None,None,load_from_disk,https://github.com/huggingface/datasets/blob/main/src/datasets/load.py#L1771,"        raise FileNotFoundError(f""Directory {dataset_path} not found"")     if fs.isfile(posixpath.join(dataset_path, config.DATASET_INFO_FILENAME)) and fs.isfile(         posixpath.join(dataset_path, config.DATASET_STATE_JSON_FILENAME)     ):         return Dataset.load_from_disk(dataset_path, keep_in_memory=keep_in_memory, storage_options=storage_options)"
huggingface/datasets,src/datasets/load.py,1775,fs.isfile,NOT_EXPLICIT,None,None,load_from_disk,https://github.com/huggingface/datasets/blob/main/src/datasets/load.py#L1775,"        return Dataset.load_from_disk(dataset_path, keep_in_memory=keep_in_memory, storage_options=storage_options)     elif fs.isfile(posixpath.join(dataset_path, config.DATASETDICT_JSON_FILENAME)):         return DatasetDict.load_from_disk(dataset_path, keep_in_memory=keep_in_memory, storage_options=storage_options)"
huggingface/datasets,src/datasets/search.py,396,fsspec.open,NOT_EXPLICIT,None,FaissIndex,save,https://github.com/huggingface/datasets/blob/main/src/datasets/search.py#L396,"         with fsspec.open(str(file), ""wb"", **(storage_options or {})) as f:             faiss.write_index(index, faiss.BufferedIOWriter(faiss.PyCallbackIOWriter(f.write)))"
huggingface/datasets,src/datasets/search.py,411,fsspec.open,NOT_EXPLICIT,None,FaissIndex,load,https://github.com/huggingface/datasets/blob/main/src/datasets/search.py#L411,"        faiss_index = cls(device=device)         with fsspec.open(str(file), ""rb"", **(storage_options or {})) as f:             index = faiss.read_index(faiss.BufferedIOReader(faiss.PyCallbackIOReader(f.read)))"
huggingface/datasets,src/datasets/utils/file_utils.py,166,can_be_local,NOT_EXPLICIT,None,None,cached_path,https://github.com/huggingface/datasets/blob/main/src/datasets/utils/file_utils.py#L166,"    # Convert fsspec URL in the format ""file://local/path"" to ""local/path""     if can_be_local(url_or_filename):         url_or_filename = strip_protocol(url_or_filename)"
huggingface/datasets,src/datasets/utils/file_utils.py,167,strip_protocol,NOT_EXPLICIT,None,None,cached_path,https://github.com/huggingface/datasets/blob/main/src/datasets/utils/file_utils.py#L167,    if can_be_local(url_or_filename):         url_or_filename = strip_protocol(url_or_filename) 
huggingface/datasets,src/datasets/utils/file_utils.py,295,url_to_fs,NOT_EXPLICIT,None,None,fsspec_head,https://github.com/huggingface/datasets/blob/main/src/datasets/utils/file_utils.py#L295,"    _raise_if_offline_mode_is_enabled(f""Tried to reach {url}"")     fs, path = url_to_fs(url, **(storage_options or {}))     return fs.info(path)"
huggingface/datasets,src/datasets/utils/file_utils.py,296,fs.info,NOT_EXPLICIT,None,None,fsspec_head,https://github.com/huggingface/datasets/blob/main/src/datasets/utils/file_utils.py#L296,"    fs, path = url_to_fs(url, **(storage_options or {}))     return fs.info(path) "
huggingface/datasets,src/datasets/utils/file_utils.py,317,url_to_fs,NOT_EXPLICIT,None,None,fsspec_get,https://github.com/huggingface/datasets/blob/main/src/datasets/utils/file_utils.py#L317,"    _raise_if_offline_mode_is_enabled(f""Tried to reach {url}"")     fs, path = url_to_fs(url, **(storage_options or {}))     callback = TqdmCallback("
huggingface/datasets,src/datasets/utils/file_utils.py,330,fs.get_file,NOT_EXPLICIT,None,None,fsspec_get,https://github.com/huggingface/datasets/blob/main/src/datasets/utils/file_utils.py#L330,"    )     fs.get_file(path, temp_file.name, callback=callback) "
huggingface/datasets,src/datasets/utils/file_utils.py,559,fsspec.open,NOT_EXPLICIT,None,None,_get_extraction_protocol,https://github.com/huggingface/datasets/blob/main/src/datasets/utils/file_utils.py#L559,"    try:         with fsspec.open(urlpath, **(storage_options or {})) as f:             return _get_extraction_protocol_with_magic_number(f)"
huggingface/datasets,src/datasets/utils/file_utils.py,645,url_to_fs,NOT_EXPLICIT,None,None,xexists,https://github.com/huggingface/datasets/blob/main/src/datasets/utils/file_utils.py#L645,"        main_hop, *rest_hops = urlpath.split(""::"")         fs, *_ = url_to_fs(urlpath, **storage_options)         return fs.exists(main_hop)"
huggingface/datasets,src/datasets/utils/file_utils.py,646,fs.exists,NOT_EXPLICIT,None,None,xexists,https://github.com/huggingface/datasets/blob/main/src/datasets/utils/file_utils.py#L646,"        fs, *_ = url_to_fs(urlpath, **storage_options)         return fs.exists(main_hop) "
huggingface/datasets,src/datasets/utils/file_utils.py,745,url_to_fs,NOT_EXPLICIT,None,None,xisfile,https://github.com/huggingface/datasets/blob/main/src/datasets/utils/file_utils.py#L745,"        main_hop, *rest_hops = path.split(""::"")         fs, *_ = url_to_fs(path, **storage_options)         return fs.isfile(main_hop)"
huggingface/datasets,src/datasets/utils/file_utils.py,746,fs.isfile,NOT_EXPLICIT,None,None,xisfile,https://github.com/huggingface/datasets/blob/main/src/datasets/utils/file_utils.py#L746,"        fs, *_ = url_to_fs(path, **storage_options)         return fs.isfile(main_hop) "
huggingface/datasets,src/datasets/utils/file_utils.py,765,url_to_fs,NOT_EXPLICIT,None,None,xgetsize,https://github.com/huggingface/datasets/blob/main/src/datasets/utils/file_utils.py#L765,"        main_hop, *rest_hops = path.split(""::"")         fs, *_ = fs, *_ = url_to_fs(path, **storage_options)         try:"
huggingface/datasets,src/datasets/utils/file_utils.py,767,fs.size,NOT_EXPLICIT,None,None,xgetsize,https://github.com/huggingface/datasets/blob/main/src/datasets/utils/file_utils.py#L767,        try:             size = fs.size(main_hop)         except huggingface_hub.utils.EntryNotFoundError:
huggingface/datasets,src/datasets/utils/file_utils.py,793,url_to_fs,NOT_EXPLICIT,None,None,xisdir,https://github.com/huggingface/datasets/blob/main/src/datasets/utils/file_utils.py#L793,"        main_hop, *rest_hops = path.split(""::"")         fs, *_ = fs, *_ = url_to_fs(path, **storage_options)         inner_path = main_hop.split(""://"")[-1]"
huggingface/datasets,src/datasets/utils/file_utils.py,797,fs.isdir,NOT_EXPLICIT,None,None,xisdir,https://github.com/huggingface/datasets/blob/main/src/datasets/utils/file_utils.py#L797,            return True         return fs.isdir(inner_path) 
huggingface/datasets,src/datasets/utils/file_utils.py,913,fsspec.available_protocols,NOT_EXPLICIT,None,None,_prepare_single_hop_path_and_storage_options,https://github.com/huggingface/datasets/blob/main/src/datasets/utils/file_utils.py#L913,"            for option_name, option_value in download_config.storage_options.items()             if option_name not in fsspec.available_protocols()         }"
huggingface/datasets,src/datasets/utils/file_utils.py,977,fsspec.get_fs_token_paths,NOT_EXPLICIT,None,None,xopen,https://github.com/huggingface/datasets/blob/main/src/datasets/utils/file_utils.py#L977,"        try:             fs, fs_token, paths = fsspec.get_fs_token_paths(                 file,                 mode,                 storage_options=kwargs,             )             file_obj = fs.open(paths[0], mode)"
huggingface/datasets,src/datasets/utils/file_utils.py,982,fs.open,NOT_EXPLICIT,None,None,xopen,https://github.com/huggingface/datasets/blob/main/src/datasets/utils/file_utils.py#L982,"            )             file_obj = fs.open(paths[0], mode)             if hasattr(fs, ""of"") and hasattr(fs.of, ""__exit__""):"
huggingface/datasets,src/datasets/utils/file_utils.py,1030,url_to_fs,NOT_EXPLICIT,None,None,xlistdir,https://github.com/huggingface/datasets/blob/main/src/datasets/utils/file_utils.py#L1030,"        main_hop, *rest_hops = path.split(""::"")         fs, *_ = url_to_fs(path, **storage_options)         inner_path = main_hop.split(""://"")[-1]"
huggingface/datasets,src/datasets/utils/file_utils.py,1032,fs.isdir,NOT_EXPLICIT,None,None,xlistdir,https://github.com/huggingface/datasets/blob/main/src/datasets/utils/file_utils.py#L1032,"        inner_path = main_hop.split(""://"")[-1]         if inner_path.strip(""/"") and not fs.isdir(inner_path):             raise FileNotFoundError(f""Directory doesn't exist: {path}"")"
huggingface/datasets,src/datasets/utils/file_utils.py,1034,fs.listdir,NOT_EXPLICIT,None,None,xlistdir,https://github.com/huggingface/datasets/blob/main/src/datasets/utils/file_utils.py#L1034,"            raise FileNotFoundError(f""Directory doesn't exist: {path}"")         paths = fs.listdir(inner_path, detail=False)         return [os.path.basename(path.rstrip(""/"")) for path in paths]"
huggingface/datasets,src/datasets/utils/file_utils.py,1057,url_to_fs,NOT_EXPLICIT,None,None,xglob,https://github.com/huggingface/datasets/blob/main/src/datasets/utils/file_utils.py#L1057,"        main_hop, *rest_hops = urlpath.split(""::"")         fs, *_ = url_to_fs(urlpath, **storage_options)         inner_path = main_hop.split(""://"")[1]"
huggingface/datasets,src/datasets/utils/file_utils.py,1059,fs.glob,NOT_EXPLICIT,None,None,xglob,https://github.com/huggingface/datasets/blob/main/src/datasets/utils/file_utils.py#L1059,"        inner_path = main_hop.split(""://"")[1]         globbed_paths = fs.glob(inner_path)         protocol = fs.protocol if isinstance(fs.protocol, str) else fs.protocol[-1]"
huggingface/datasets,src/datasets/utils/file_utils.py,1083,url_to_fs,NOT_EXPLICIT,None,None,xwalk,https://github.com/huggingface/datasets/blob/main/src/datasets/utils/file_utils.py#L1083,"        main_hop, *rest_hops = urlpath.split(""::"")         fs, *_ = url_to_fs(urlpath, **storage_options)         inner_path = main_hop.split(""://"")[-1]"
huggingface/datasets,src/datasets/utils/file_utils.py,1085,fs.isdir,NOT_EXPLICIT,None,None,xwalk,https://github.com/huggingface/datasets/blob/main/src/datasets/utils/file_utils.py#L1085,"        inner_path = main_hop.split(""://"")[-1]         if inner_path.strip(""/"") and not fs.isdir(inner_path):             return []"
huggingface/datasets,src/datasets/utils/file_utils.py,1088,fs.walk,NOT_EXPLICIT,None,None,xwalk,https://github.com/huggingface/datasets/blob/main/src/datasets/utils/file_utils.py#L1088,"        protocol = fs.protocol if isinstance(fs.protocol, str) else fs.protocol[-1]         for dirpath, dirnames, filenames in fs.walk(inner_path, **kwargs):             yield ""::"".join([f""{protocol}://{dirpath}""] + rest_hops), dirnames, filenames"
huggingface/datasets,src/datasets/utils/file_utils.py,1161,url_to_fs,NOT_EXPLICIT,None,xPath,glob,https://github.com/huggingface/datasets/blob/main/src/datasets/utils/file_utils.py#L1161,"                storage_options = None             fs, *_ = url_to_fs(xjoin(posix_path, pattern), **(storage_options or {}))             globbed_paths = fs.glob(xjoin(main_hop, pattern))"
huggingface/datasets,src/datasets/utils/file_utils.py,1162,fs.glob,NOT_EXPLICIT,None,xPath,glob,https://github.com/huggingface/datasets/blob/main/src/datasets/utils/file_utils.py#L1162,"            fs, *_ = url_to_fs(xjoin(posix_path, pattern), **(storage_options or {}))             globbed_paths = fs.glob(xjoin(main_hop, pattern))             for globbed_path in globbed_paths:"
huggingface/datasets,tests/fixtures/fsspec.py,15,LocalFileSystem,NOT_EXPLICIT,None,MockFileSystem,__init__,https://github.com/huggingface/datasets/blob/main/tests/fixtures/fsspec.py#L15,"        super().__init__()         self._fs = LocalFileSystem(*args, **kwargs)         self.local_root_dir = Path(local_root_dir).resolve().as_posix() + ""/"""
huggingface/datasets,tests/fixtures/fsspec.py,71,stringify_path,NOT_EXPLICIT,None,MockFileSystem,_strip_protocol,https://github.com/huggingface/datasets/blob/main/tests/fixtures/fsspec.py#L71,"    def _strip_protocol(cls, path):         path = stringify_path(path)         if path.startswith(""mock://""):"
huggingface/datasets,tests/fixtures/fsspec.py,87,stringify_path,NOT_EXPLICIT,None,TmpDirFileSystem,_strip_protocol,https://github.com/huggingface/datasets/blob/main/tests/fixtures/fsspec.py#L87,"    def _strip_protocol(cls, path):         path = stringify_path(path)         if path.startswith(""tmp://""):"
huggingface/datasets,tests/io/test_csv.py,174,fsspec.open,NOT_EXPLICIT,None,None,test_dataset_to_csv_fsspec,https://github.com/huggingface/datasets/blob/main/tests/io/test_csv.py#L174,"     with fsspec.open(dataset_path, ""rb"", **mockfs.storage_options) as f:         assert f.read()"
huggingface/datasets,tests/io/test_json.py,294,fsspec.open,NOT_EXPLICIT,None,TestJsonDatasetWriter,test_dataset_to_json_compression,https://github.com/huggingface/datasets/blob/main/tests/io/test_json.py#L294,"         with fsspec.open(path, ""rb"", compression=""infer"") as f:             exported_content = f.read()"
huggingface/datasets,tests/io/test_json.py,296,fsspec.open,NOT_EXPLICIT,None,TestJsonDatasetWriter,test_dataset_to_json_compression,https://github.com/huggingface/datasets/blob/main/tests/io/test_json.py#L296,"            exported_content = f.read()         with fsspec.open(original_path, ""rb"", compression=""infer"") as f:             original_content = f.read()"
huggingface/datasets,tests/io/test_json.py,306,fsspec.open,NOT_EXPLICIT,None,TestJsonDatasetWriter,test_dataset_to_json_fsspec,https://github.com/huggingface/datasets/blob/main/tests/io/test_json.py#L306,"         with fsspec.open(dataset_path, ""rb"", **mockfs.storage_options) as f:             assert f.read()"
huggingface/datasets,tests/io/test_parquet.py,310,fsspec.open,NOT_EXPLICIT,None,None,test_dataset_to_parquet_fsspec,https://github.com/huggingface/datasets/blob/main/tests/io/test_parquet.py#L310,"     with fsspec.open(dataset_path, ""rb"", **mockfs.storage_options) as f:         assert f.read()"
huggingface/datasets,tests/test_arrow_dataset.py,4539,strip_protocol,NOT_EXPLICIT,None,None,test_build_local_temp_path,https://github.com/huggingface/datasets/blob/main/tests/test_arrow_dataset.py#L4539,def test_build_local_temp_path(uri_or_path):     extracted_path = strip_protocol(uri_or_path)     local_temp_path = Dataset._build_local_temp_path(extracted_path).as_posix()
huggingface/datasets,tests/test_buckets.py,29,MemoryFileSystem,NOT_EXPLICIT,None,None,_load_bucket_module,https://github.com/huggingface/datasets/blob/main/tests/test_buckets.py#L29,    # resolution so only the card / metadata handling under test runs for real     mem = MemoryFileSystem(skip_instance_cache=True)     # Write files with full paths relative to the bucket path (forward slashes for MemoryFileSystem)
huggingface/datasets,tests/test_buckets.py,112,MemoryFileSystem,NOT_EXPLICIT,None,None,test_get_updated_dataset_card_returns_legacy_infos_as_dict,https://github.com/huggingface/datasets/blob/main/tests/test_buckets.py#L112,"def test_get_updated_dataset_card_returns_legacy_infos_as_dict():     mem = MemoryFileSystem(skip_instance_cache=True)     fs = DirFileSystem(""/repo"", fs=mem)"
huggingface/datasets,tests/test_buckets.py,113,DirFileSystem,NOT_EXPLICIT,None,None,test_get_updated_dataset_card_returns_legacy_infos_as_dict,https://github.com/huggingface/datasets/blob/main/tests/test_buckets.py#L113,"    mem = MemoryFileSystem(skip_instance_cache=True)     fs = DirFileSystem(""/repo"", fs=mem) "
huggingface/datasets,tests/test_buckets.py,120,fs.open,NOT_EXPLICIT,None,None,test_get_updated_dataset_card_returns_legacy_infos_as_dict,https://github.com/huggingface/datasets/blob/main/tests/test_buckets.py#L120,"    }     with fs.open(config.DATASETDICT_INFOS_FILENAME, ""w"") as f:         f.write(json.dumps(existing))"
huggingface/datasets,tests/test_buckets.py,143,MemoryFileSystem,NOT_EXPLICIT,None,None,test_get_updated_dataset_card_drops_removed_splits_when_replacing_split_set,https://github.com/huggingface/datasets/blob/main/tests/test_buckets.py#L143,"def test_get_updated_dataset_card_drops_removed_splits_when_replacing_split_set():     mem = MemoryFileSystem(skip_instance_cache=True)     fs = DirFileSystem(""/shrink"", fs=mem)"
huggingface/datasets,tests/test_buckets.py,144,DirFileSystem,NOT_EXPLICIT,None,None,test_get_updated_dataset_card_drops_removed_splits_when_replacing_split_set,https://github.com/huggingface/datasets/blob/main/tests/test_buckets.py#L144,"    mem = MemoryFileSystem(skip_instance_cache=True)     fs = DirFileSystem(""/shrink"", fs=mem) "
huggingface/datasets,tests/test_buckets.py,146,fs.open,NOT_EXPLICIT,None,None,test_get_updated_dataset_card_drops_removed_splits_when_replacing_split_set,https://github.com/huggingface/datasets/blob/main/tests/test_buckets.py#L146,"     with fs.open(config.REPOCARD_FILENAME, ""w"") as f:         f.write("
huggingface/datasets,tests/test_buckets.py,176,MemoryFileSystem,NOT_EXPLICIT,None,None,test_get_updated_dataset_card_keeps_existing_splits_when_appending,https://github.com/huggingface/datasets/blob/main/tests/test_buckets.py#L176,"def test_get_updated_dataset_card_keeps_existing_splits_when_appending():     mem = MemoryFileSystem(skip_instance_cache=True)     fs = DirFileSystem(""/append"", fs=mem)"
huggingface/datasets,tests/test_buckets.py,177,DirFileSystem,NOT_EXPLICIT,None,None,test_get_updated_dataset_card_keeps_existing_splits_when_appending,https://github.com/huggingface/datasets/blob/main/tests/test_buckets.py#L177,"    mem = MemoryFileSystem(skip_instance_cache=True)     fs = DirFileSystem(""/append"", fs=mem) "
huggingface/datasets,tests/test_buckets.py,179,fs.open,NOT_EXPLICIT,None,None,test_get_updated_dataset_card_keeps_existing_splits_when_appending,https://github.com/huggingface/datasets/blob/main/tests/test_buckets.py#L179,"     with fs.open(config.REPOCARD_FILENAME, ""w"") as f:         f.write(README_WITH_CONFIG)"
huggingface/datasets,tests/test_data_files.py,104,fsspec.filesystem,NOT_EXPLICIT,None,None,pattern_results,https://github.com/huggingface/datasets/blob/main/tests/test_data_files.py#L104,"            Path(os.path.abspath(path)).as_posix()             for path in fsspec.filesystem(""file"").glob(os.path.join(complex_data_dir, pattern))             if Path(path).name not in _FILES_TO_IGNORE"
huggingface/datasets,tests/test_data_files.py,669,fs._strip_protocol,NOT_EXPLICIT,None,None,resolver,https://github.com/huggingface/datasets/blob/main/tests/test_data_files.py#L669,"        return [             file_path[len(fs._strip_protocol(base_path)) :].lstrip(""/"")             for file_path in fs.glob(pattern)"
huggingface/datasets,tests/test_data_files.py,670,fs.glob,NOT_EXPLICIT,None,None,resolver,https://github.com/huggingface/datasets/blob/main/tests/test_data_files.py#L670,"            file_path[len(fs._strip_protocol(base_path)) :].lstrip(""/"")             for file_path in fs.glob(pattern)             if fs.isfile(file_path)"
huggingface/datasets,tests/test_data_files.py,671,fs.isfile,NOT_EXPLICIT,None,None,resolver,https://github.com/huggingface/datasets/blob/main/tests/test_data_files.py#L671,            for file_path in fs.glob(pattern)             if fs.isfile(file_path)         ]
huggingface/datasets,tests/test_data_files.py,679,fs._strip_protocol,NOT_EXPLICIT,None,None,test_get_data_files_patterns,https://github.com/huggingface/datasets/blob/main/tests/test_data_files.py#L679,"        expected = [             fs._strip_protocol(file_path)[len(fs._strip_protocol(base_path)) :].lstrip(""/"")             for file_path in data_file_per_split[split]"
huggingface/datasets,tests/test_data_files.py,679,fs._strip_protocol,NOT_EXPLICIT,None,None,test_get_data_files_patterns,https://github.com/huggingface/datasets/blob/main/tests/test_data_files.py#L679,"        expected = [             fs._strip_protocol(file_path)[len(fs._strip_protocol(base_path)) :].lstrip(""/"")             for file_path in data_file_per_split[split]"
huggingface/datasets,tests/test_dataset_dict.py,429,MemoryFileSystem,NOT_EXPLICIT,None,DatasetDictTest,test_iterable_dataset_dict_push_to_hub_forwards_max_shard_size_to_each_split,https://github.com/huggingface/datasets/blob/main/tests/test_dataset_dict.py#L429,"         dummy_fs = MemoryFileSystem(skip_instance_cache=True)         dummy_fs.touch(""datasets/user/dataset@dummy-sha/README.md"")"
huggingface/datasets,tests/test_filesystem.py,27,fsspec.filesystem,NOT_EXPLICIT,None,None,test_is_remote_filesystem,https://github.com/huggingface/datasets/blob/main/tests/test_filesystem.py#L27,"     fs = fsspec.filesystem(""file"") "
huggingface/datasets,tests/test_filesystem.py,44,fsspec.filesystem,NOT_EXPLICIT,None,None,test_compression_filesystems,https://github.com/huggingface/datasets/blob/main/tests/test_filesystem.py#L44,"        pytest.skip(reason)     fs = fsspec.filesystem(compression_fs_class.protocol, fo=input_path)     expected_filename = os.path.basename(input_path)"
huggingface/datasets,tests/test_filesystem.py,47,fs.glob,NOT_EXPLICIT,None,None,test_compression_filesystems,https://github.com/huggingface/datasets/blob/main/tests/test_filesystem.py#L47,"    expected_filename = expected_filename[: expected_filename.rindex(""."")]     assert fs.glob(""*"") == [expected_filename]     with fs.open(expected_filename, ""r"", encoding=""utf-8"") as f, open(text_file, encoding=""utf-8"") as expected_file:"
huggingface/datasets,tests/test_filesystem.py,48,fs.open,NOT_EXPLICIT,None,None,test_compression_filesystems,https://github.com/huggingface/datasets/blob/main/tests/test_filesystem.py#L48,"    assert fs.glob(""*"") == [expected_filename]     with fs.open(expected_filename, ""r"", encoding=""utf-8"") as f, open(text_file, encoding=""utf-8"") as expected_file:         assert f.read() == expected_file.read()"
huggingface/datasets,tests/test_filesystem.py,58,url_to_fs,NOT_EXPLICIT,None,None,test_fs_isfile,https://github.com/huggingface/datasets/blob/main/tests/test_filesystem.py#L58,"    path = f""{protocol}://{member_file_path}::{compressed_file_path}""     fs, *_ = url_to_fs(path)     assert fs.isfile(member_file_path)"
huggingface/datasets,tests/test_filesystem.py,59,fs.isfile,NOT_EXPLICIT,None,None,test_fs_isfile,https://github.com/huggingface/datasets/blob/main/tests/test_filesystem.py#L59,"    fs, *_ = url_to_fs(path)     assert fs.isfile(member_file_path)     assert not fs.isfile(""non_existing_"" + member_file_path)"
huggingface/datasets,tests/test_filesystem.py,60,fs.isfile,NOT_EXPLICIT,None,None,test_fs_isfile,https://github.com/huggingface/datasets/blob/main/tests/test_filesystem.py#L60,"    assert fs.isfile(member_file_path)     assert not fs.isfile(""non_existing_"" + member_file_path)"
